department,professor_count,avg_rating,total_evals,professor_ids
CHEM,101,2.64,3070,0038ea39-3910-4f80-9353-41dce33c754d; 03fbfc37-b61c-4172-8a45-0b5a8cf359b1; 057f7178-7610-4370-98f0-864a73dc5e4f; 08669d0c-55f5-4ce8-8dd7-97a48ace4067; 0c8fe2c4-73fa-4355-8a65-0c5af20b0207; 11eec8b9-fcf9-44e6-9f58-f39e72da948e; 124f0030-8d5f-4b2c-84f9-c99620c60efb; 15212162-eb5c-494d-8a1f-b34eaab94bb2; 1830667a-6dcf-4786-bab3-cc82629be48c; 19653bbf-c0d6-4566-a705-bcb4f918fe03; 20a456ec-9f84-4cc5-9a4a-0711bfea65be; 2b2e38a3-444d-4600-840b-e9a0ce64e94b; 2f08a398-4ed3-4eb1-862b-b93a246fd003; 30c96c53-3029-4929-be3b-5391f656cb7f; 340f1a48-a770-4366-8d21-5150166e67ed; 37d3be41-d285-44e1-aa8e-00b14f968018; 38543400-c599-4d81-afdc-c6a3a350e24b; 3fe012bc-f278-49dd-ad67-4c3bc3c74268; 405a8f49-3108-48b3-b6b2-425e4de5324a; 4168b45e-8d7e-4226-83e7-af457421acf3; 41ad5dd2-12c6-4923-9fbe-a1a417b1396b; 46b6e6af-7744-4b95-823b-e44cef5e8c9f; 4d9621ef-13ab-4783-a45b-eda6f21b2a13; 4f296ff4-af9d-45d1-9e28-b5c5a2fb9cf1; 4fb781b6-7c63-41d8-a1c9-2ea300eb98b1; 53445c32-0779-4179-84b0-e301b22fd05b; 53f9bd74-f447-4429-b39c-148e0b289a08; 57f85ed4-5a12-4aef-a2ca-c0747d3a37ef; 58e4c662-f3b8-437c-9b6b-7e8c90913104; 5c1558ba-12fd-451e-998d-d2779ec9b483; 5e3671de-5432-49a5-aee8-6843edb2abd3; 61f9957f-7619-42f7-9324-759fce004228; 62c679f7-5818-452b-a695-6af12ca4139a; 64ac7079-34c3-4bb6-8d15-c24175dab261; 6633d521-4d75-4826-af1f-fe5b451c2f43; 67479de2-eff3-47fa-a65c-1bc276f78378; 6886828d-ba6e-4183-9343-a18fdaf6219a; 689d4c55-eec6-49d7-b77b-4d2d103f63b9; 69047654-cb2c-4300-8286-4f93c128fbaf; 6a5b72db-84a9-4537-a943-b9cf1cd10954; 6ba24784-1fe9-4643-bc63-b76acb13d398; 70740760-727e-421b-bd31-807eb56f7116; 749cf666-80e1-4762-8ad1-8de8cfa315d3; 7814eb56-75bf-4478-bd05-2e8968332181; 79976c31-a58c-4c1b-95cf-25840f90d480; 7d5f2aff-cd1f-4e2c-ad52-1b0c54a5e6e3; 868c827b-6fa4-4255-9b55-03b154160b74; 89bcb967-a125-4e21-a96a-2470cded6785; 89cd5122-5285-42c4-98ba-91b733ca0976; 8be6b042-e2ce-4b80-b501-9e494feb8b33; 8c07883b-b4f1-41c8-8ea7-49bd067dcc40; 8f139b4e-2890-43a6-8b94-47d1a5122956; 8fc05229-532c-45d1-b345-553c2b2da72f; 8fe88385-6873-4907-b561-146a773776c7; 9144cac3-84d5-4872-aa26-1fb573f88a38; 91c9a8d1-1f06-445f-b14d-26bd902fd7d7; 95b9945e-864c-4cf3-9694-ede68a93c49c; 9720f04d-614e-4adb-a402-22ba9c91c329; 98097fd2-2f99-4134-960d-67775d1c50f0; 98904beb-cda2-4fae-b968-431bb0f50f7a; 9b5b3acc-98e7-414d-94cd-3aa65b269dc8; 9b907391-d5b3-42bf-ab96-9e7616ecf4cd; 9e7c9632-3e2b-43e2-9ed3-db7a3fffadc4; 9f6bd652-d726-4b2a-a5c1-d9f344767a3f; a137c5db-8444-4abe-a4e5-c33d9b9d99b7; a14b9a4a-e17b-4a76-81c9-2a30f98e0216; b0bb365f-a298-4e40-9626-a857d8819827; b1f22b74-43da-4d96-a7b3-cd50481a0c11; b4384f54-b168-4361-a6c6-f795e2bf2046; b6894a93-bfb2-4512-8923-439055e9031b; b8d6c055-93c1-4c75-9493-6dccce67ce8a; bed6d22b-a26d-4e1f-a77b-8a736b3b1529; bf69c318-ff3f-4a0e-9265-dff5454e96b0; c0fb6abd-f92a-4209-bc7a-d85097fbee9e; c3358d93-32a8-4f8b-be10-7319ac84265a; c366c80e-4d08-4796-acee-441a25fea702; c44c2ee9-e1ff-42d0-ad4c-f5dc8603e13f; c4d8d8a9-a17a-43fd-8545-a236a23e005c; c6006a44-3986-4fab-b22b-abc820597e96; caf96231-e80b-410e-81cb-f11867fd8e19; cb7cf612-1e43-4473-ab0b-95cc5a81cdd3; cfe1c763-58a1-42e9-b0bc-b5b521d520b8; d13919b6-a078-4ff0-bd44-825417ac753e; d3725081-3f53-4823-b2d9-4551418ba729; d6520ebc-2462-4b2a-9dca-6c9a8c63be4a; d94334e6-8777-451c-9e9a-5d448361ef06; dd5c7718-187e-4bfd-bb07-607f3fa53bdf; e4d9b62c-2e6c-418a-982d-86c46b4cdd7f; e6b6f0b2-c2e8-4b68-9225-6d46fe38c1bb; e8b83e2e-eb49-4c58-bf4c-adc69cba7a2a; ee117ad1-cd3a-4cc9-a019-388e0980efb6; ef9f5d05-1aa6-4bc1-9d7c-38f5fcc13396; f24b3bdb-0465-438f-8915-a144fd914c17; f35527e6-b951-47ce-bded-1961c0b90c94; f4112010-625b-40d7-8c95-6047f7016e83; f679309b-0cdc-4334-af5b-b50b2f8a23aa; f6db88c3-00f7-4ed7-9f7d-fbb568a1a7f9; fad6697d-139a-422c-b547-c87053c26b26; fd57741c-270e-4aa6-99d7-368f7c0f22fa; fdb94731-1fe1-4d19-9804-e9e3c0a7986f; fe6b54e7-5f58-461b-a0f4-261708d91b4a
CSC,95,2.9,2848,0073fed6-e0f6-48f0-bdf4-e5e0eccd445c; 06532128-f8b0-4514-a33b-1c6429974263; 0ace36cb-fc98-4af0-b1a4-6de67e886b65; 0cb36620-9830-4300-80d5-50e2db855bfe; 0d4f1a90-8f94-45fd-8d97-e75b0d90682c; 0f476bc1-9830-447c-a1da-a484d9356991; 0fe890dd-4fe2-4909-8b1a-72a371721672; 11dd04c5-c04d-41fc-9aac-b337c6794c6a; 1277f2ef-3ab6-4fc7-8dbe-c3aa668fe62c; 138f93c1-0d91-486f-a7ef-c736eebd6204; 1547bea3-a6d4-424b-9068-abf91529f64a; 18dc40bd-c9f6-4c9e-bfe2-658a37ba6e9b; 196c694c-01cd-4de6-b8eb-ef14e3b0aa54; 1b05791c-ac24-4010-9626-66e04aa92fd4; 208a23fc-42b7-4acd-81a8-b38ac302e283; 2139472c-5dc1-4af0-b317-6ccde815efbf; 23a3bace-5ebe-435f-aab5-e88efb4846f7; 24f82516-14fe-4893-955e-7963d5292f14; 277a4463-2a97-425e-91b9-50a3ad695a33; 2ce8c1b8-2a6b-4990-887c-96091141be93; 2d0056e1-3360-4463-96db-1cdcfdfa2f55; 2f832159-0417-459d-8592-8bf20c99a0cb; 30d7ee97-cda1-40c0-a260-b5e69be7f23c; 44206a7f-ed55-416d-b623-e15c4d14dab2; 4afa9e72-8851-4e65-8674-cbdd268f6981; 50f2b706-2d0a-4b19-80f7-d21e001b96a7; 533b74e8-5be7-445b-bbd1-357f3d8af28c; 54d3e48c-b69c-4f41-9f7c-f27de249b79f; 57e49b9a-5bbb-441a-91e6-04f53aa9f981; 5bc3ff7e-9a78-4471-850c-ea1455fce836; 5bc8356d-eb5e-45a4-9a4b-0c7d86599db6; 61272b28-f1ed-4206-bf45-000eb8e826e8; 632add2a-dca3-4b5a-9b98-fe91bae100e3; 64dc116c-a08f-4a8c-a377-2e4c93b372ee; 6556af46-bfd4-4c9f-840d-3d393d4aacad; 665ba44f-b7db-43b8-931f-8d79953e1284; 66fb9d15-a8a1-4811-b029-98754dcd34c7; 6813412c-b805-446b-bc82-32474f5560bb; 6e79504a-14b9-4d22-a935-1dc5ef1f6124; 72985309-eff9-4c25-8442-3a3bdc6e4510; 73f865a0-bc62-4a85-90e6-d8cd9115ab09; 761a528a-1bab-424c-87bb-f0bdf66c5543; 7664d5bb-d9cf-435f-90d5-51411059b8fb; 768c16d7-6902-4233-adf8-6d8af4986921; 76f18c4a-9d86-4276-bab3-bf44955d38cb; 777000c8-22f7-4113-b50d-3506b49e6d78; 7b91f48b-4983-4b00-97e6-e863ee20ae87; 7b995fd2-ea14-4e9c-a61a-c7c86888147f; 81270ba5-d799-465c-b9d7-61f4247bb13d; 82f68744-d501-4179-8a9e-df7a9b1e38ca; 888dd333-f690-4ed5-b068-733b38c98d02; 8bb1391d-a16b-47fe-9794-b67b13232e85; 8d059aa5-d9b5-4af7-8427-ffc863b62482; 8f8862f5-34d1-4e3f-a51e-1165a8bb14ad; 90c5608b-c62c-4da7-aff9-761646b0bc58; 90e0b35c-af79-46c7-aca2-f3983e59d872; 924f777a-ca4d-4648-bd2f-9c4b845024a2; 9464fe34-82f7-458a-8ee7-280b5a33fb52; 967831ae-e780-4fdf-9ada-05464ba378d4; 96fa552c-7335-4ea9-849c-1acbddd34ade; a114e164-1a3d-4a3c-af84-6728118dcacd; a2cc069b-f89d-43fc-96df-392b8ff9d492; a58067ee-9241-41f5-9065-29e8a03e9cd4; a86adfbd-6661-4859-9cb8-d61e445870ad; a9d7da17-c872-47ab-af41-b17f6184e931; ac26d483-b612-4c3f-98bf-e4f94740434e; ac61b440-bde7-4830-b20b-8ce2d302ea22; aca9b66f-30a3-41fa-bcc1-415dd4ff2e79; ace9d899-dc2d-4d33-afe7-511b29876fc0; afa35e7b-e495-4d13-a3b0-1406d902cc51; b27c2139-d510-429f-bc54-1fa94b57856c; b66a4fb5-c4e8-470f-8de1-ac047793c671; b922a3b0-e695-4bbb-b665-82f3cdaeee41; ba68c304-3c7d-4904-8999-a7eb1fc02b8f; bda00940-37a9-4863-94b6-6c45aad420fa; c044e448-c416-49ca-8e56-66a067c49535; c1c06eea-c7d1-4db3-8a06-11b3a9088080; c1e51e8d-b8ac-485f-9b44-9378594d1c7e; c6507394-22ba-4583-9063-e28e627edc4b; c7b11934-d727-4d1f-a5f4-8d22d2896757; cc582c77-f0da-44e8-8a12-b871696ad0a3; ccd2dcda-e836-4fd1-9682-b4ffac7ee1e6; d1f397d4-d592-4442-9104-93f0fefc2c4b; db43f247-ea98-414a-aaf6-ba9c37e001e2; df035240-b695-4917-90bf-2b45489f1d95; df3fad66-1bca-4837-831f-00b2932c1408; e2c7ccdc-53be-4aec-9de7-6db237d035e8; e385889d-42f5-4dfd-9996-7170efebec21; e7e03034-8d7b-43fd-8c59-5f1cbc8c097b; e82abe66-6799-4b5f-be6d-01ff3607dd2f; ed20ddc9-60f2-4852-a509-97a410e67413; f0fcbe55-5f29-4852-af29-698fc06e8f20; f2a432cf-3536-4254-857a-8ca69d3f2cdb; f47c9768-f6da-4c8c-ad57-a9ba87ca5e5e; f7cc86b6-540a-44ae-a5b6-a8863418fa0e
FSN,35,2.91,422,00933936-63a6-4486-8bfa-ac53f1794a72; 00f2faeb-fd74-42d0-a3dc-80399f998432; 06824399-5145-4438-9b25-a8b2138089ea; 0fc0a136-2bff-4d1f-a003-5f1d6f94845d; 13b2240c-b811-4db6-8bdc-a76c77421c59; 1cedbef6-d8f4-4f94-af5b-c20857a24f1c; 30f9d2b0-8ff3-4df4-8472-b80faef4b858; 35fcef80-76f9-4e04-ac2f-fced2877aee9; 36c1300e-27b0-4a89-ab05-285b745c4e89; 3d867522-0ea0-45db-aa7b-b48989ded1fd; 4f9b4506-4603-4b30-a344-c210bf38966d; 4ff4f00d-3625-4505-a958-68fb99c2c74f; 53e9679f-453a-4470-81f8-e7223b424dab; 6e425163-2adc-4994-8d3e-efd7043aef9c; 6f27793d-5c3d-4781-a40c-d04ffaf47ac0; 7ef464d7-4eaa-45e1-9c54-179cd5569724; 7f04fb5f-c306-4067-9f17-a00d277d61e3; 84ed9b1a-d110-406e-a449-2e7174e4a693; 9afbf9cc-a1e8-4389-b850-6b06c087070b; 9b341731-7a00-4838-adce-9c8e0b631897; a23fb88f-8db4-4196-a9df-7fb1a8837a78; a7249e1f-5a5b-4fc7-a07a-b30cb7104373; aa6264f9-1d7d-4368-af70-548ff623f409; c2490f21-941f-4bf1-b35d-021eb65eed0b; d1404ca6-1232-4aaf-af90-8b75e1d12bf5; d14bb953-b3f0-4f73-900f-32e7b65f2224; d3cf264d-e7cb-48ec-a66d-40eef389da6c; d49821ad-cdcc-44a9-b28e-c99f37a0e430; d6597a06-8ce5-4dea-b69c-945c1ea07b1a; e000e290-bc3b-4b9f-be68-afbf33fb740c; e159a650-7a7e-48ae-b0a6-bd448ea5fc1b; e4c5c5b0-2843-403a-b285-d173fe807b48; e730914a-5fdd-4873-a897-b7e60007c1fe; f4d09a0b-53c9-497d-ac06-3fdb25696473; ff3ca29b-b39b-4d71-b5e3-5842283d67dd
GRC,22,2.78,271,0099c43a-2262-4788-a0a9-dc920cce01b9; 08373b3b-7bbf-4246-b071-29b8a0b94305; 123bb828-6614-4576-80d7-26dfd02c99fa; 1fa9ae7b-7f14-4459-8fd5-2f679ccfc3e8; 32ae918f-8b5e-4fed-ade0-861ac39bae02; 3d44eb96-cc48-432a-886a-d762fb330024; 42735272-e1e2-42c6-a87d-3ec4134fc7c4; 67b2e48d-af95-48b0-aee6-8518baa5f23a; 76ebce24-2175-4045-8b0f-852d1ef65203; 7f608654-2608-4748-a6d6-d04ec2fbe9ee; 82c397ef-c7c8-4572-a470-e27e04350c38; 89ce0f7a-754d-42a6-b7ad-5a1178d2e4a0; 95f8c98e-9393-4cf0-9119-23749d39d1eb; 97f7f673-e3be-4bf7-b8a9-86b65f25f5aa; a09b243d-b1bd-4e99-8123-c44fdf499f31; a3d13256-1f6b-4406-9c18-312669c761eb; bf87afcf-0583-409e-8262-eeea5ae36c02; c9e544b6-4902-44a5-8e9f-a6d072c27596; dc04e02f-bdb0-4ddb-b40d-560441e02e32; dfb6d82a-df9b-4cc3-b7c4-7ba973ac6de0; e255fada-34e3-4e50-b5b0-819d09ca6f59; ea01cdbb-566e-4d5f-8eeb-b4bb826229e5
SPAN,16,2.89,290,014d53f2-90d0-46ad-a3fc-0877e2238b08; 031a6bf3-e433-4149-a82f-f6488c282eec; 14558331-ca80-4a53-b47c-9e2505416158; 27086c0a-51f7-43ec-acbf-40b07b0e7193; 3db68996-5636-4327-b44b-6ee009b7f6d4; 3eb5db9a-6d17-480e-91d7-65b4cf86dac9; 3f16f7b6-b9c5-47a9-844b-9101212b2ca3; 5539c5bc-066f-41a6-9fea-8cb2e2e98624; 69cee8f9-2b35-4adf-8d6c-d384d2863732; 9d48cd91-d505-47a6-a15f-5ae2502d73ab; a36ef6a4-8001-4564-ae1e-639dbc6622cd; bfdd5c71-f30c-4230-8112-0b0f67cf4764; c1c4e019-95f7-47dc-8cc5-ad7d72dd070c; cbf2ab80-3126-4cd4-b897-d14bac73117d; d7f229b1-5dda-4fd4-8aa6-40057fee0158; e655320f-4664-4bf0-bd02-4771aa8f0a63
BUS,159,2.8,4122,0152ac87-4953-4fba-85b7-eeb0f6ac045f; 015ecf8c-bbc3-4c19-bf85-65f9beded8a4; 03614e87-82c5-4cc8-b96e-760137c06b49; 04433277-a88a-440c-9d3c-e829c8eb9c95; 05e0f746-f498-455f-9a08-e6e5dade0897; 07f011b7-9e38-48b5-b259-46775e412e89; 08343e3f-0e32-4d53-b38e-659caee0bd5d; 0961b0c1-e30e-4cdc-9593-b15e4d0f0e18; 09ac10ca-f988-4d97-9f22-48c399b29648; 09c0fea5-5b1c-499d-9dd8-926794f736d9; 0e37c220-c5cb-43a2-adea-69eb1eb6d778; 0e52c8d0-7cb9-40b2-95bf-1ebe5015964b; 10566fa1-e8c6-419c-967a-68057f2643f8; 10d3698e-68af-47ff-9b56-92420ef94dee; 1422ccd2-3e5f-4480-b292-f2b0c4e649d2; 147278a9-39be-4acc-9fec-700ac27ced16; 17054b84-bb40-466e-beac-d5779f5738e8; 171d9525-7da2-4b8f-848d-dcd25583ad82; 18edcc6c-ce30-48dd-a24d-610707ddf6a8; 19f0e319-a830-49b9-85e4-5aca2d44bb86; 19f36a36-669d-4c41-abfb-abdeccf68ae6; 1f02bcc2-e2e1-4d11-985d-2d15ca5e199c; 1f47e0ea-6a14-4f84-9aeb-898630ad566d; 25405858-47a0-49ac-ab2a-bf9d9eaea9bf; 259facf2-9e34-49c0-bf5d-e95dc261337a; 26451072-1d94-4327-b9b0-f6413f3f5e52; 266cfd05-cbcd-4f28-bda5-6c30a7b07e29; 26f97097-5e41-4bdf-a1e1-218075382bab; 2732903f-be16-4993-9559-1b6e71129a09; 286c0d14-6580-4feb-bc20-fa0150575507; 2ad4d2bf-8e85-4859-90ea-73bdfe1fcfb3; 2dcf3cc4-db89-468b-a24f-a9c15bb663ca; 2eaaf2f7-e4fb-4775-b867-74bc6c5f044d; 2ee69dc7-506a-47a8-b822-a56acdd6ae46; 2f64b22e-2a22-4908-9bfe-d528077127e4; 2fd2e95d-265a-4f58-ace9-d09125f2d723; 31933a4e-c694-47f4-b957-484eccf248d6; 32a1f4d6-48d5-4269-8b29-ca85338c1918; 34b4116c-3b60-4c23-823a-33250d98cbe2; 36c9036d-6ae2-4dff-ae74-8213ca6f24e1; 3c9c2c41-fc99-4d43-89e4-64e84f3cb57d; 404f625a-385c-499a-9bde-f4011411dca5; 40b15aec-13fe-4831-82c1-6c68e13b3341; 40ffdae2-0abc-43bd-a37f-422df76cd927; 41370614-5504-4e2c-9a75-0687f1ae04a5; 4160c217-67a5-4fd0-8825-f75491a2a899; 44ad741d-211f-42c5-81ae-ce564a3da011; 459c9d24-fe68-4a5a-9c16-e25e7c35f4ad; 466b9ca1-f891-4ba2-af1a-cdf8c8e3532c; 47dbf43d-97ca-4d62-baf8-3696b3a9f4ab; 4880b3fa-07a7-4989-8fb1-5ffa1d6d5e77; 48feeb13-25ac-4c6e-9a67-29b9dd79c304; 49749173-f726-44e8-a878-7b81ace98e43; 4a1d52e6-a255-469e-990a-1fcbb9ecf62f; 4b5b1234-6d48-4bee-b7c5-55da277e195d; 4cdec295-5506-464b-9412-a8b1ad3759e8; 4e75a9b0-2c51-420b-95d7-f3c311699474; 4f3df99c-1d24-45ea-a520-e32c65939811; 50431e30-0639-429d-947e-27df6fe7c4a8; 51779fd5-21d3-4229-94f9-75d658a18800; 5220253a-02af-4040-81cc-2f8cac624c5f; 523a9aaf-a6f4-4580-8e3e-e7047f47c0b8; 5285af28-2155-4d4d-b811-a01f02977d60; 52f0ed50-b2f2-492e-9cd6-fea029b39ac7; 54441687-f757-47c6-91c0-a4f5dd40abc1; 554b7112-aa48-4ec3-8766-0e3de9162119; 5605c2d7-8d24-4b67-a109-d376bf5b46e3; 57a9d53d-54c6-4cb2-a2fe-f3957ac1e265; 5bb0d371-a4bb-4b7b-85e9-411e09dc2706; 5dcffb5f-4c3b-469a-b9f1-b2cab4974d9b; 60b0c584-9e2c-414d-b117-ea5ad9f83a41; 6238327b-f70a-43d1-8541-cbacde1ed97d; 6287909f-1e0e-47fa-9d65-f556afab08d8; 64666fdd-47a1-491d-8fa5-26cc8fd93419; 6541e7a8-4ba8-46c2-8fec-7cc2941fe484; 6b49960e-4cd4-45dc-8a28-d604475a15c4; 6e2d970c-c94c-4cbc-8bdc-747a4eca0b25; 7179f180-01a7-4382-8ea3-d3fa7d1af4fd; 74e09b79-94dd-45ff-ade3-3a716033bb0f; 764d608b-6876-408f-988a-d3e243891246; 790dd2a5-2bd2-4b21-b671-4c9dea95d1cc; 79cb514d-e67a-406a-b141-5d14419a0159; 79f33425-a832-4925-9bd2-f38e018265ba; 7a35195b-2f93-4279-9165-38bccc07108d; 7b8970e1-7382-4b3e-aa79-abc22360a2f7; 7d13912e-1cb7-48b1-848b-38fd6d1d4026; 7debfe67-43d8-41c1-88db-b24fb16dfdb1; 82085371-eb70-44f1-a8ca-d034a320c8bf; 849dd571-6ca8-4488-8bea-19d6d6723d90; 86eb15cc-f021-4a29-bb18-81ddc2dbde26; 875e5cd4-e3ec-4710-abf0-02fb98380931; 897d5391-44d9-4dbb-a737-c7b23b0e763b; 8ec4ef87-527d-43c8-89da-7f9015c4d28b; 8f821624-553c-4c8c-92ec-3ecfa5414e1e; 8f946dc5-d5ff-45bf-9f58-4f3e867faf41; 8fe05922-50bb-4b67-b159-215012a06fc5; 930baa45-dff3-4763-9b29-f681a0dd2433; 93c53034-f1be-4f88-873d-57585cea9480; 94b8e8f7-cd3a-461a-9d83-2b503a3d9cb1; 972a7369-c470-46b7-94dd-d15872c51688; 9f055890-7390-45eb-baad-10c199a6bf6b; a05bd2f2-91d9-4c52-8d96-f3e1c878599d; a21edd24-0eef-41b8-8a16-b5cd7c10fb8a; a2fd21ba-2d38-4b1e-8754-8b0eb01bf391; a331163b-3a8c-40e5-8eaf-3b51e2e438e1; a72d930a-2527-474c-b037-45ca14a72533; a76a1d21-3fa4-4802-b2b0-da10d6c2c1fd; a9231ca7-7371-4cab-94a7-4f7752ba112c; a93d4a5d-359d-447f-b1b0-5e4e681b94a6; ac2d787e-4e1f-43f0-b4b9-a360c0edd5e8; ad021c91-b8d4-43b8-aece-de9f5f2a74a6; aef4a5d1-b9f0-4a07-860e-3312af7555e2; b3f3bd06-33c1-4132-8242-e8b9a0da8601; b3fc9a02-d1c0-4916-b363-c0eb3d2ff5d6; b540da66-e8fa-4d6f-a8f6-28793c03d99e; b56653d7-d5a3-409d-aa33-dc6e70e90f24; b578a3a9-4ab1-4246-9e85-74f69e3a3039; bc813f7a-f19b-4ed1-b80d-88163a4b8539; bcab26b3-de9c-48f1-bedb-2979806f4951; bd5c2f7b-5fa6-44b6-a8e3-14c8ec449c59; c11b0874-8fd4-4c79-a693-0fb68e33dba5; c7cf608c-b164-411b-90c5-1c0ce49c0ba4; c85042e5-1673-4f38-9d7c-ce885b2405a2; cba8e5d5-4ad4-4970-b5a1-052ba66cdccd; cd4c2d14-900b-47a3-8eee-880dce44e303; d16ac684-ab5e-4c36-ac02-0c4aef8d3c8f; d299f3b0-23f8-4f8d-a1b9-513c3f345e12; d374fb10-5e2a-4363-9ee3-991f7280eeed; d4055b3b-3667-4c01-8cdb-3b95bd0f4269; d4d6a840-5f05-4882-92d8-00f36619544b; d76ba561-6ea7-4ab5-a15f-512cdc1d666b; d78e9acc-7503-43d4-9ac7-4dba66ca0651; d7a3980b-69f3-4c17-8f9c-513e2f7e7315; d7d3ae60-2098-4c80-8829-dae0865f3733; d8c6731f-b2b1-4d18-8d7f-c96ae505907e; da76513e-447b-43f6-8630-3870f7f6d50a; db2a5278-1575-443e-abcf-5d68b6e82243; db529e88-c479-44ee-9acb-0cc46c902b53; dc354f43-4d6e-4ca4-87e5-94f88314c9af; dcc2900a-de11-40fc-b5f2-34bd35a7a4d6; debce908-824a-4b92-ab31-726c47542b87; e2e6efc9-1a74-4214-a057-cc2fbf547cba; e32ff950-6b4b-420a-90cf-0eefafa1e92b; e5baf558-722f-40cb-8c0c-c141bd415293; ea72cc5f-8684-4df1-8e29-71481497999c; ec0a9d80-dcba-4f4f-8b7c-b746effc60c5; ec9ac2f1-d603-4fc1-833b-72d2e5e5c58c; eca8d710-6996-4a45-9924-8b5065348ef4; ecac450c-fe1b-4091-bf4e-8322a562c8b0; f3efd3f4-2553-4fa2-b899-7b04ae6ac4b3; f427b6c8-1ab0-48ac-b62e-1bf3de7a5fb8; f8e58283-5bc6-4896-9ca3-d0abf6770d83; fa68cdaa-c023-4ccb-a636-4adadc01c21f; fa732a7c-5fca-483e-9621-7cd7008f6941; fca72513-62f6-45ee-b0e0-8f2a88a6c781; fcaf22b2-0250-46b3-b97a-b351236ff5f5; fd0b38de-1183-4c27-ab5d-2a9e00159092; feb99f62-eb69-42dc-8421-4c799b6ebf5f; ff474b8d-77f3-426b-ae8c-0766c332656a
MATH,149,2.79,6465,0174f42e-ec70-4a7a-a124-e85ecfc5d60e; 033282a5-f663-46f7-b64d-bd33fc7a9911; 03a195d6-44a4-4e94-bee6-976383c3b825; 05710293-567d-496e-a721-9481316482f3; 06cee99b-c0ff-49e4-96a3-60ded605824b; 06e41dc8-b332-4a55-8f79-f9c4fc7dc1a4; 07d95960-f1e6-47d2-9805-95eb2aed9d8b; 09b970a1-c740-43e1-bff3-dfe2d6e4d193; 09e2899c-7c46-4d45-bb3b-c6c1c31194cc; 0a07f81d-7cc7-4dfc-b234-0b63fd3f2c2a; 0a0c0644-09dc-4089-a76d-05bdc25ecda5; 0a2b8be0-15c5-47a1-82b5-7f98f4ea28a1; 0b47c71f-3b28-4ffc-ac7e-1e3d3a84c4ee; 0b5c57c4-8dcf-4688-97b7-32c8a88ff654; 0bf6d0d7-8ed6-45c9-b209-ee5a5f2745dd; 0c9674c5-825d-43ec-a54d-ca1d905523ee; 0ca43d56-3ae2-498c-ac11-6167d9ffaf73; 0d17a5d0-b9fb-4fb3-96da-32f76cdb305f; 0fcaee7e-6d90-4a2e-a4fa-b781c3f6534d; 118d90db-c8b7-4756-bf21-f7e12ac683b7; 11efec99-0614-49b8-9189-bf871ce14fe5; 12d08ffe-e871-4689-a84d-f5d18d5d081b; 142b9f4b-dbcc-4bcc-99e1-21dc49a0cccc; 15489148-f387-4527-a289-99330477453e; 16ead9c1-21af-44e5-b290-dc015a28895c; 17c66353-0157-4dc3-90b8-b3d7415f646f; 1a89a391-3dc2-4d41-8a3d-e01ed8cd3432; 21ec6c95-5a1c-4142-ba11-23d9e8932695; 230e41d2-4897-4820-becb-7803ecfa2ccd; 24f60825-60ad-4d81-9848-a0f8afb34f5c; 25d1f21b-9b0c-4b24-99fc-78ec923f1c79; 26555ddb-47ad-4287-8563-f5d615df76dd; 29249276-e853-4975-9ad2-78d6104054a1; 2ad4e51d-06ae-42d7-b122-8a78c2996f51; 2b07c9bf-6124-4351-b978-a1763d70ce55; 2be673cc-d6b8-483b-a02f-aba184b86a4d; 2c8e4241-4f53-4556-8eb9-f6d74455e4aa; 2e4c1a87-e55e-4352-90ce-c777ad720c27; 2eb081aa-cebb-48bc-815f-fece04fb7240; 2efa98a4-d3da-420e-bc70-fc907156435f; 34c2c46f-132f-42cf-8375-7c9ec9c401de; 35e2b442-3af2-4261-a0c8-066222500c47; 368b5ef5-1453-433f-b243-db8adda64b60; 38fc8943-1968-4d6a-9443-f626c30c9d72; 3c5577af-8474-40b7-bc4f-e007a13140ae; 414047ed-6130-48b3-a8ca-c305329ccf94; 45363523-0fb4-4793-890c-9d0e3c977fe1; 47876259-968b-4e66-bd7f-5a91d9c20160; 47945cd0-54af-44b0-bf4c-10bdd53b084f; 4d48cabc-eb81-47e0-9ac7-7c37cad4084e; 511968d7-0949-4a49-8c03-a7b9e81c66c1; 535937d8-47d2-46e0-a210-26dd35fd0427; 53632d5a-d339-4137-bf1b-90affc658342; 5394f5f4-22ae-4e59-ad44-18e7b24a503c; 53d7611c-df50-46b6-8c26-525d2c8ecbb8; 5575a507-2616-45d8-a763-b2eef79281a4; 59aacf60-fff6-4af3-8028-e8b9d698085c; 5b945665-7054-4dd6-aa17-ddb4b583ea9c; 600bf0e1-c334-45d4-b7ac-c9e6c51ecd20; 6056f3a3-9ea2-4eed-9d98-e1baa36c2e41; 6403509a-44c8-429b-93ab-4ea04be0a531; 6419284e-5965-4c48-ad0a-6cb010b6d646; 65f13398-d680-467b-8a67-c66a689a6d47; 66d16b76-baa9-449c-b5b7-7ca97ee39df8; 69cc75ee-260a-478d-a31d-67e6aab43beb; 69dca2d3-8387-49e5-a912-b07ac1827a07; 6a01710e-f974-4913-b596-68e477453198; 6bb524a2-270c-46ad-8366-08b100a798b9; 6c492fb2-77f4-439d-8f98-15a60aa68098; 6c80ade5-49c1-488d-9651-364f942f5381; 6f4e702e-fe3b-479a-81b1-1d5870dc9be5; 7195256b-1611-4c96-85a2-57d1c091d165; 72a220ae-c538-4ac0-aadf-5b9b53e6af99; 7429c539-7b64-4987-b0d6-3560431dc245; 756511c8-d11a-4507-9d51-b551ce484e74; 7712386a-36a0-4ea5-a995-4d9dfbdc30cf; 7b7eb369-3292-4bf7-a667-15012f72443d; 7c726604-e13d-4aa8-8a9b-3decaa342461; 7d8d2101-38d4-4953-b511-d7b1ab9e475d; 7e12fc87-d449-40f2-b4aa-68aea3c2f8bc; 7f0e1efc-0bc5-44f2-9ab2-d4feb381bb10; 82a5be11-a8a4-4790-94ab-90a13231443a; 864ea00e-ca18-49b2-925d-a7b4a2d8db07; 874bd9a5-5436-4701-99c8-f85f8af95f59; 8785a15e-b768-445c-98bc-52ae084c5b80; 8b0fa522-bc26-40df-84d0-8d004fdbe95f; 8b3c57af-f1ad-4b53-93be-0c6370a7155a; 8b7bbe69-ebd6-4698-ba8d-857485aa085f; 8ba3f348-3512-416b-ba99-eb06d55f2127; 8cf338ed-da54-4adb-8177-c24128b2b2da; 8d0d7cb0-aecb-4654-bca4-f6ad61acaa41; 900c2457-ebc0-4e85-8f94-c7fe8bdc1252; 916a552d-469e-4067-a56b-6c60a7a30bf8; 9209bfb7-e9d0-4d4e-8cf3-0bfd8c9f537e; 961b34e0-5e20-49bf-9bca-3ecd6f1dfefa; 9748836f-522e-405e-b12d-9abab526708e; 975ae5ae-66f6-4238-b431-bf0068ff2fad; 97991e5e-2c7f-4a2b-b3c2-8e0a0fa8ee94; 9a94e4f6-59c1-4e36-a1ee-dc27e57e6423; 9abf2ea1-2592-4127-b063-d4895e2c1afe; 9d81c7f9-4fa2-42df-8648-c4f5b3cfb59d; 9db274ea-4daf-4542-b136-ffbea0b9ded5; 9fff816d-affd-4388-ad71-c4ad29f6450c; a1b5cdae-1514-4ea4-93f1-9b1080fc5859; a280f0cf-75e5-4feb-b5c4-125368ff76b0; a289cda5-1940-4564-8ea8-3756d56542c8; a311b098-c030-4f44-8faa-37f36ba5b422; a51d1082-ea4e-48ed-a36e-be969b9a5372; a5e30926-e729-4fbf-9127-1e30de1a0831; a78c68ed-2e45-43c9-8f13-edfe6d09ef3b; a81a2ca0-78ee-4206-bb84-af2a93465331; b0033bf4-1e24-4de2-90a7-fe13be8b9a80; b3b82211-4e0e-4b83-9bdb-afd374eb7d41; bc30dcb4-fc5a-43f4-8d72-5dd56421611c; bc48b82c-c3f3-4025-865c-83f6286664fb; be71902d-4975-4701-aace-c8af538b4706; c116c1bf-a363-48ad-a609-0cad142b0674; c6496a9b-8ea8-498d-9662-9b8a478fafe0; cdb163d8-97a4-4ad4-a97c-1cc85e8ee7bb; d21b68f0-f543-47e5-b821-159d6e2a09af; d3003d9f-1907-49d0-8c52-b90d1217877a; d67bf2e9-1746-4a5a-bf50-2e43658b3a1f; d7994133-e7dc-4dad-9dcd-3bab5d740610; d9c150e7-4368-40d9-8c0d-9692a276d57d; dac06984-c06f-4556-8673-2c8001f32eca; dccc1179-495e-4883-9699-ef26dfe028f5; df90f224-4503-44c5-85cd-bd984052c102; e0175751-ca70-45f8-bfbe-0dc73549597a; e05a1368-8a4e-4f5d-9592-8e3d17092e63; e184da23-efaa-4840-a1ad-6980a7581c5c; e213d83f-8f02-46a6-aee6-6b6fe988a07f; e71ebd1c-39de-4b4f-8c9c-96b90a3df2ab; ee24cd1e-3f8e-4a05-bf4f-d5447a1f04c6; ef26dfd7-fcd9-48c1-927f-6ef8aaed70d3; f0664c22-1dbf-4385-93b3-64bb16c268e4; f3cc7ff7-1c26-495e-bb1e-8c87b23724d6; f4bdbdfc-1735-4157-9d77-8bc255832337; f4e2392d-4633-4c2b-be00-82fc2bfc2b54; f79d0409-77d1-48fc-aaf5-ef76dce3257a; f7ea63da-9097-4396-8e5f-2b8c67ede3a2; f7f020d1-dfa0-4be0-ab13-c22fa529d68c; f96d727a-f112-4c41-b3e4-c55719e5b1ea; fa4c324a-d864-46d0-b151-1dbadf750ac9; fa6f1feb-355b-4d32-903c-5d229b3142a5; fad73f10-0664-4df9-91f3-d91210f3a26b; fc0d8cfa-49bc-41ca-8128-d3adf2637462; fd200efd-a751-4945-957b-ff7a11a88803; fd74db40-79b1-41af-9777-2cd2615a8f41; ff9c4871-dacd-49a5-8cf2-65dd8b52d202
ART,38,2.85,515,017f29b7-4dd0-4a96-8ac6-a4f92919669d; 070071b2-d2b5-4219-b045-c458196a734f; 08573d1b-e82d-4561-b5a2-520948285607; 08ef9e31-c359-44c4-8e47-3d5af6518ed1; 1591b1c2-9ff3-4bf9-82c6-30fa4e7b4289; 167efafd-c4e5-4f9c-a4c3-27559065d451; 1c5ab556-0689-4f09-a19d-0dc0f54197e0; 1ccf244e-5a16-4327-a4e1-2ec6f8d5e425; 37efe7d9-8e01-4828-9ca2-ae7c5368be4a; 48acd652-a589-41e7-9fd7-cf69463c972b; 4c6ad3ca-38e4-4b8d-8731-1a9cbfed1448; 51c6d479-5909-459d-8f32-4cbffa30abac; 51fc0705-5148-4101-ad29-624f0061ad01; 5cc6a6d5-fc9d-44ed-9835-9482a7d6ac0d; 6658da01-5d60-40a2-b0df-b33b81c6023e; 6b7ed7b1-3803-408d-b9b1-730080f84266; 6ca731ca-3693-4dff-83c4-5d936cda3a70; 70e55d27-c6c6-431c-a3bb-eb2c3bc656fd; 71a83a5c-5b64-4e99-b9ba-075ba1e3ca0c; 76653a11-a692-47d1-b959-c7255d0bacdd; 8851ad02-9baa-42e9-94b6-c2b0b6482a0d; 8dadace7-9cf5-442c-aa7d-7ea2f69593b4; 92571ec8-79e0-4700-a2f5-6e97232bc466; 9c837337-c257-47aa-8271-8cbe263f34bb; 9cf62de7-03fd-4ae0-afac-bfea3e36a7bd; 9f8fa63d-78af-4f6a-a7c2-7c98781fe6a2; a3f1efb0-2dd9-48d4-badc-c492b739375a; adf94e3b-8961-4899-80e7-7ff6455850d1; b46452ff-faaf-401d-b2b2-e063160f0884; b5cd910f-9274-4219-a167-a56dcdda3b35; bb394e61-3950-4992-833f-ce8979514278; bbcbc35b-1c74-4c71-baea-d199816b1989; bfa53c00-1217-4c17-a18c-442974eeedb9; cb86343c-8a9a-4789-a43c-77d7dc92f5aa; daa7d55f-d20f-41c4-bd14-ca7394cd0491; f0460402-6f63-4d48-936f-23af0015e9fe; f40197ec-e386-43ce-818b-8c1178fd2108; fda15571-1fb4-42b0-a693-f9ecacc324c1
MU,21,3.36,505,01a36da7-aa2e-4035-9c30-3e4e4f1a8a57; 07981647-93a0-4830-87f1-060c7cf52ba3; 08265f14-1b79-41c6-864e-d2b6d2db1853; 0e6234e5-0e12-4e97-8a88-9b199ec391ee; 0fc8a543-9cf0-4d0e-bd10-7aaba5d33a0e; 146c9f05-abdf-4a7a-9c56-7fbcd8d7d297; 17029dff-69dd-4344-bed9-83c69f1288d3; 1846e94f-a6ba-4d76-8295-c0d260884da0; 29dd52de-264f-45b0-b72c-2dff53657c76; 4b8391cb-7ece-4dc4-87d0-683bb7a27e58; 560c8d0d-2f7b-4f9e-a9c8-3225e4bd2543; 643f2c29-9ab2-42d5-bf30-d90e65d91811; 6dade80c-6bc5-48db-930d-bde47f7dd996; 7132c144-ffef-4652-863f-eff9c5e5a4b4; 76739e17-3611-482f-8f80-9e28c243d5f8; 8a2a3a94-1600-4811-93e0-66fde0cf0ce6; c916c929-d171-490e-ad19-1ad9faae54bc; cc44e538-08ee-4e57-a534-a90e4c5e8252; eaaf820d-ff5d-4235-921c-07985fd6c248; f15aab83-a04e-4f65-abbd-cc951ad7723b; f80a894d-a78c-4696-83ca-79baedf6ec82
ENGL,142,2.91,4433,01a5e077-8211-43fb-9f63-1185f25c852d; 04ce448a-b17f-4a55-98b6-ce874d0509b2; 056fe509-c073-4dd1-b3b9-3e2495033075; 061e9c47-c43a-4721-b2fa-a576ecc32735; 08cb78a7-2d35-4fd2-a30b-7a329623308b; 0acf341d-5072-420a-bd60-b2a7a93fad53; 0bd4e6e0-563b-4519-83e2-6b5fb74ad103; 0d0f9438-6115-407d-88ec-b1f0302dd49d; 0dd96579-9d01-4d5f-a5c0-ca2247f65f63; 128240d6-97d7-4d97-9427-eae60be8e8bd; 14f44235-2a5c-4a2a-8fb4-2c79befa27a5; 177105b8-0eff-4fdd-8592-f8fc78413445; 17f69012-4857-48a7-a105-f4712dab29af; 1afe7c32-c945-4230-ac81-48830044f322; 1b9d4df4-308e-4d2a-8934-4466335e6429; 1be1a54e-81b0-4109-9f9c-c2f48edfd8c2; 227a6dae-7127-48db-91a9-3cf4e76f43c8; 232418f4-56c0-40af-8c87-eecb4a104a3e; 24608631-aa86-4a29-adfb-31cb8315f75a; 25012776-78bf-44ab-b9d7-877443eeccdd; 25e5ea32-c116-429f-a55d-07a7b1be0e92; 27f7ec39-5049-4b6d-8fc8-b88dab313c9d; 281974f4-21f4-4098-aa21-cd9497bb29dc; 2904107f-6ddc-4802-8d52-942f508eb914; 2930aa76-ee14-4d73-b9e3-82f26e0f7944; 2a4d41e5-b54e-4098-80f5-93e03dffb7db; 2aecb78c-f899-4ef0-aad6-4977bea2e7a8; 2e6a9669-5ee1-42a9-beed-64ac685572a1; 2fa02879-9ec0-4c35-a6dc-1e755cc1091a; 301ef50a-d3ae-495d-90e4-8990ab1461c6; 3022383d-8545-4529-9320-c24a8fee2fad; 31f8e995-c234-47a1-9128-5308a772c12a; 38e2c8d0-8035-44de-8495-e5bccab7736e; 38f22b95-36c2-44e1-9c45-4631340fcc74; 3a20fb78-33b9-4d40-be1f-da26dda3f680; 3a576515-fde9-4927-b86a-65d59ac29c9a; 3ccf2c4a-7a84-4c0d-8db0-8058fffe4337; 3cf5d062-c99c-421c-9093-d757279a431f; 3e4c67e4-619f-46eb-a815-28d9f26557ec; 41651929-d98d-4d7f-9271-ca439b2dfa4e; 43d28b7c-0e9e-4f58-9feb-75565943ca18; 480d5a00-8603-4ac6-a7cc-17be945f6bf7; 48694161-a64d-4a31-896c-3303b140603f; 48f2b060-fb3a-4aac-843f-42404398762a; 4a0cbbe7-507f-4d15-a9ab-a635d4f20cb8; 4a333a8f-2d00-45d8-9b26-75c04a9cded6; 4c2fa459-a333-443b-b369-3960b55d3111; 5010faa4-63e4-4642-afa6-1662d97f419c; 5861dd6e-0ad2-487f-a06e-01681853c2d1; 589d2759-0e80-4e10-8321-3482b3f21826; 58be5600-2ea1-4a61-974d-1c5d156bdf47; 59abdfc0-49c7-4cf3-99ea-815dc87fb22c; 5a1d6068-4c33-4d49-9b07-87c2593c779e; 5bb0c791-d425-44ba-83f2-f103dae2e9f3; 5ccf6cbf-7f94-4e83-9c9f-24f8d439fe4b; 5f83d3bd-7ffe-4568-b4b8-389d838a409e; 5ffe95db-d4fe-421b-ae2a-5d9cc644dd49; 6035d6a8-0ab4-4894-8713-222eb891b7fe; 6171d612-bbed-42c6-8ba1-d7e94c43e6a7; 62dd48e2-fef4-437c-8b10-c91d92a8083b; 6447729f-af52-475c-bcd9-423d918998f1; 64716edd-2913-43d6-91cc-fafcef2652a6; 65b7b938-d962-4373-9752-b826e61fe743; 6729e3ef-295b-447d-bfd1-502a920d11bc; 68ce7682-6ad3-40eb-b4ca-d084980674c1; 692ed73d-d2f2-4152-83ef-c97faf64cec2; 6ddcda3b-6fcb-4283-b1e1-511eee84f17c; 6dfe91a7-e54b-4286-80ad-7a87c39b66f3; 71ef397b-d591-4cb5-ae06-6f2affa5127a; 71efb1af-c500-4fe2-8e08-1e5d2e423b86; 72546f20-46b5-4a30-b461-8bd499d0cdee; 74446784-fc60-4b91-adf6-b9efe1656d67; 75ffa6c5-64a6-4c03-baca-a65ef0cabc4c; 7794a3b9-2746-4fc2-aec5-000d759b1e49; 7881e728-fde1-46f9-be1f-bdab1b9cc216; 7ab2b229-8a87-4aea-b3b7-364a0b433c86; 7e04d80e-69b8-47f3-8876-f0f7fb466ece; 7e3c8381-00f9-443c-a1fc-78ecfba68f4b; 7f33d6ef-82e4-4c63-ab44-d1d28e423acb; 826958d4-4d5c-4690-a61e-caa28db999e5; 8454bdad-a97a-4937-a8f9-7f5a1b984ef9; 87ef7dfc-8ee3-4d67-9808-75ef8d500d36; 88584d42-97de-4a43-92f9-b84b2b388572; 88df8ef9-0ce6-4361-9380-3551449fa99e; 8903df0f-78e9-473b-922d-52085b47bf4a; 927da7c1-def6-4ae1-bf05-5fad89143111; 92d6d4f4-787e-46ec-8d54-48b73093d0ca; 93b0bdec-68b0-4d8c-b91e-9fdcd44c53f8; 958e19de-9b7a-4826-a33e-e64b0b4b30aa; 99b69438-7d1e-4417-b27d-e46e03e5e8ae; 9d48d517-6302-40f9-85be-0688cfb25b8d; 9fb2c181-51b0-45c2-858e-0ab9345ce205; a1ab0162-7dee-494a-9105-5ca59e4d2a27; a2c79464-e734-4d40-9ac0-059e0dde8093; aa58316b-473a-4140-a2d3-4bf0d5198f0c; ac7b210e-e4f1-428f-b5fc-92fcf0656dac; ac9faccb-cfe3-439c-8d4f-45d7ef31f681; adcd16d2-26d2-4561-8bd8-c998f24eb304; b0280717-07c5-4684-b158-c3a322b1e49a; b04582c3-553f-47c4-8482-f4bba15f09d6; b14f945c-4f66-4a52-b1f0-27ec78940f59; b2050094-9579-4304-b7fe-9404468c23d4; b23d7312-6906-4c1c-a8cd-dcf14c6c59a5; b2bb1539-1202-4e45-99ea-0d9a8c2b45aa; b2f9e768-2936-4149-a7a1-eec9b6de98c5; b4acf5c9-1276-4f90-8bf0-18b494acec23; b55e721c-dbee-482f-9842-64c99be57798; b704e402-d8f6-45ca-a175-36831e97b311; b823d69f-8e41-409e-91e0-e9c4a2098377; bbb2a9f6-cb67-4b57-8600-2f083fcfb191; bbf065bd-faaf-48b3-986e-d82a33a569d4; bd4ee3e4-ec38-47ce-b6a4-4df8d272bc20; bdee4806-43a8-4c0a-aa34-b0d4dbc6f546; c0e3780a-826d-43e7-8861-2ebbf614a9eb; c1be08c2-5f10-48d7-916f-1b47cbe6f780; c2a2bd91-026b-42e2-93db-84c4ab2fd2df; c8c1fbef-c65f-46e1-bb15-51bdd701aa61; cbf7a383-997b-4205-9e67-4a5e2742dcd3; cd65ad29-ec13-4d1c-9c03-ed4276368c6e; cf3c33ad-f893-4419-81d8-14e15b811d93; d28e51ab-2559-423d-bebc-e6cca1465dcf; d568a6e6-88fd-4fb2-b161-8300cfdf2b58; d82b6aa1-0e1e-4aca-afab-0b5e56784fb3; dc05a1b1-f61c-4bcf-af3b-f7051b21fb8c; dd7e3127-4cf5-4f3a-91d9-32a17782e892; e0bed313-8cec-4da1-9266-f2a7f34e7a6a; e19c8d10-b05e-4112-bf1d-a34781449a47; e3eb1876-0dc1-4f2a-9a14-02ad82fc40e2; e44d5a4f-e747-4cd4-9433-eb2bb6ba9627; eabf9031-e937-4902-bf65-f70318e16e22; eb4a0594-a071-4f6d-b792-8cee0ca9ab0d; ec8baa42-6036-425d-9fee-f0f0c6be047e; ee39ff0e-e412-4d29-bffc-c14e2ea85a55; efa39d94-2842-4d79-aa53-a4507fa9a51c; f0800cbd-a45f-46f1-9f19-e662d5f1b1b1; f10da336-e05a-441f-97b0-730d1efe9d77; f25c98db-1c3b-4f46-a476-1908630c7c6a; f4b5fca9-6e46-4060-a2bc-3e7383515dda; f970e7b2-d8a7-4dd0-8297-9903aa05fbff; fa213618-8bc8-4442-832a-f90c668ccdd6; fd4ddaf5-0de5-4dd0-a992-b1969ef4a7aa; ff3f1798-609a-47e9-91be-fa8156804df1
PHYS,100,2.6,3280,01fd32c7-541d-4ce7-bf51-27fda36299ae; 0321ac06-30e3-4cf5-a8d4-d426b4e25021; 03f34116-668c-4401-9ed9-d243b813edcb; 06a73773-1b8a-4823-8878-131e8cdeb300; 070f03e3-cb7f-428c-adad-0a78184ad6c4; 0e57ba06-6072-4ece-be65-1ee996222bb6; 0ef2848c-c6b3-41e2-a5a6-37cc5a332174; 10bdbba7-9814-4631-b142-e047a22ec6fc; 11f1cf28-f2f5-4fa0-a284-66e051467e70; 150fb413-06db-4f26-8aae-b352818a3363; 16d3e9c1-4b17-4708-94e1-60b83aec8bd5; 1923281e-fa12-4376-83ea-976776b2b27e; 1b873180-d8a9-45db-bc4a-f8009d170d9f; 1d6210e7-70aa-42d7-8379-de662a35e9c9; 1dab4b1a-71d5-404f-82bc-e96df0519a4b; 20c9b9e2-1dda-45f4-91ad-b2f7ab30fa26; 23dc03bb-ee77-4a7a-ae5a-2f53859797ae; 2452a99d-0034-40b8-9da1-ec69e19889c8; 268dec64-d197-4246-8e9d-a84115dcf323; 26b96292-5dea-4960-b214-e9243623d9bc; 27e56290-278a-40fa-a4a5-b5dd8b1eca7c; 28369323-03de-4ea3-ae5c-414532d6af31; 2bc91266-9b2e-43bd-898a-6536b71d7082; 3b9fea6f-b3ed-4bfc-8d9b-dd8d02e4ca8f; 3dad6655-92e6-403d-91fc-af63ca736da6; 3e42a5b7-82d7-443f-96c0-0c63e79cc1f5; 40468874-b2bd-472b-ba4f-987bba0813ea; 41dd766d-fa70-42b6-946e-28fdca35ae9a; 41ea6378-4ef5-4b5b-b102-6cf410ab933b; 44af3724-23b8-443b-8972-f248e6df5fe5; 46ba1deb-e8de-4d3c-8629-29aafb562db6; 4cd96fa6-3f52-4a5a-b47c-0dab392cf834; 4cec9e1b-c3fc-4221-91a4-b4405a49b1fc; 4ef576c2-5ab8-4e76-8892-fe5b977f0c29; 5462afb4-789e-4fe4-89b6-a03d7b9171ae; 596774b7-daf4-45c5-aa05-b0d5da0e7181; 5a35866d-f198-43ca-9397-d7a560cbaa20; 5b3209cf-f67b-4003-b4d7-efe2bff7c881; 6610aa50-b537-417f-82ab-4419c2c68e1e; 66e2d70a-f3fc-4946-a17b-26db06b43bad; 6a8c5091-f5c2-4014-b1c5-ba7d53b860f4; 71809180-0454-44ca-9627-9cd9be0cb98e; 724e6a38-d6fb-4e42-ae6a-b727e5d79b12; 73128d05-4afc-4bdd-9d02-ee2f23ba75f4; 751f36ff-3759-40b7-9258-30850335b05f; 772c4b8a-ce23-4afb-a5e5-05987a599046; 790ac45d-059c-43e0-871d-5232417a0218; 7a4407d2-4dd1-41ea-ae15-aae7d9eb5d04; 808a140a-73cc-423f-963c-a2fd5041df85; 825d1b87-2840-41c5-bb1b-c4c7be0f1b7f; 854416c3-3f36-4354-b5bf-61d52ac6b3ca; 87102b4b-06ba-4a5d-89f5-4e36e12ce2f3; 8733f0de-5817-4702-8f6f-17abdbd81e55; 886e0b1d-ceac-4d3b-b995-aa0f61df9269; 8e57e90a-6012-460c-b668-409ce72cb1f0; 90b30416-d443-456e-bb09-1a101aa67ee2; 96592e09-912d-4db1-8a1a-ac2d6bbd606d; 981bd3ef-2983-4f81-beb3-7218a3b96190; 99732079-43bf-4f0d-88b8-01401c7298fd; 9a5bee3b-f150-4d46-b3c7-f5d45e32e122; 9a65845b-0e2e-4990-b73c-6bcd54e3f0f3; 9ada0ff3-fd33-4a92-92b3-59731e511d73; 9cb9b220-f200-4d37-b158-929772082c23; 9e1b6f34-696b-4b78-8b33-3be824271c30; a11c3cd9-0856-460f-bdb8-33008fe4fffe; a52f2dfe-7535-4872-b16e-4ddc9961fc7e; aea36f9a-9e16-4c21-aec6-9894aeb6bcda; af917780-1578-4c11-ac16-0680f03a24b7; b15e1f7f-805b-41f8-95f7-917ef2250a75; b46afa0f-1b70-4838-bb32-96a6e78e7eda; bc6cf593-6ab0-4730-8a03-170e89a52af5; c2145174-3fa8-40f4-9a80-f5a39fa70fa5; c5977574-d3f4-4350-974a-235125ebb014; c5f5604d-0c1b-449d-82dd-29384091128a; c6ae31f9-a2dc-4483-8965-a75f07eba70f; c936844e-6ddf-44d0-abb1-b5ec6f1977be; cb418ddf-d1fd-43db-8322-353eac12c3f0; d0f2568a-646b-45b1-b869-b89c0ed5ec47; d2f1154d-fdb9-4312-b462-4d9e3d371d90; d52510ac-2130-4a08-9a13-844bcf5f6823; dc62518b-355d-4bca-b683-5990c24bbabb; e2b76866-3a37-4c8b-9f63-e509761db5eb; e61d4ec3-b3d3-43cb-9560-b9d17fda7593; eb1c5f13-f3dd-48b6-aecb-4a9a57c317fb; ebab51c0-438a-4270-91e9-ac0802f56f4c; ee48c272-2127-4d1a-b77f-dd1c3e03cb62; ee582c85-1756-46d0-b918-9fd19838353b; ee66a424-3897-407b-921f-3c5339821665; ef15c70d-1c75-4ec2-bddc-1725255eb57e; f321421f-2b8a-4e8d-9820-17b3b1ad257b; f336f2ee-990a-4a47-9729-d879d88971c0; f4204318-750e-4034-affc-f5c832d0f3be; f4345299-356a-4a70-a4b0-b15c7c7b517e; f664ac53-23c4-4581-a322-8b5c20b8e0ed; f79e4f1b-339f-43a2-bc22-551b23d2e1ac; f8707f1a-fcff-4fc3-a9de-ad28309a936e; fa5e3e0c-7aa5-47d2-bfe6-7e7dce6ea610; faf8160b-d4ab-413c-bebc-ba11fd8cb92c; fb84f28f-5023-48ec-afbe-840f79ddf413; fd86ae7e-9c3d-4691-83bd-25c73ef5f387
ME,93,2.81,2000,022bc4b1-a0b8-4eb2-a212-a4234973de94; 0351fa69-28bb-44a9-8e15-98d3f296f0ec; 06d8bdfb-9348-43d5-b18e-e2b9233e187d; 0f3bb44c-6cc4-4c4f-aa88-fe6ebc3ea40b; 0f637490-e9da-4002-a1d0-ef433c5e1aa8; 0f80a2ca-58c8-4393-8413-91093c2cfd16; 13d63b30-4c27-4cc5-a201-f0f2c9e0fd70; 16da5a77-652d-4d6b-ab52-bc114a23806d; 16eb0060-6be7-466a-8459-082f7f640e4c; 1ae6e544-ad00-4067-bf48-4f1448432ee1; 1b665c4f-911b-4c83-91fb-3158d81dbfa2; 1c43d21a-bdd0-4164-9d31-892d2d168b32; 1de2b19e-427c-4e00-9fed-76ff0eb20b9e; 2ce31b5d-c4ff-45cb-bc2e-b56063a4d05d; 2d17f3bc-d7bd-483c-8120-f4e31e5a9712; 2e224577-efd2-4fdd-8ecd-442416e02a3d; 2f91c685-dd65-4057-967b-f172fda20d01; 2ffcd9a9-9c66-470a-99cb-79678559847e; 3036da17-d0a3-476d-9f31-cd268ed0e2df; 30ecf898-f76d-4c5b-b5af-2a1811ccf3e6; 321b942c-905c-4c13-888a-7ea7f9bcb810; 3264539b-38c2-485f-b98d-3ea6f1fbd510; 32c72979-0880-4514-9bad-20165fa73bd2; 35331f22-b167-4fd5-a391-9cd76c7ae566; 39025e78-0f8a-480f-b74a-5d41c81848b4; 3d5dda5f-6455-4bdd-81ed-4d80768a5a04; 41a17d34-d84a-4416-a710-63676c87c682; 4bdc2b00-530e-4e62-9211-7e7f7b4bfc66; 4cfb9510-b473-4c44-a1fc-6aaa917e171c; 4e57b580-3ffe-4d30-b6df-f1f99a4de543; 584f2247-7977-4285-a638-e605ac88f589; 5af3ca3e-c90c-49ef-9616-49c6c07ee101; 60953a30-148b-4437-bab0-fd64a33a651f; 62be5f17-c353-4095-bb1f-88e1ba73c5a7; 64c1887e-7848-454d-b409-db11435d0e11; 663ee218-9b3f-44ca-ae01-880cab1f9553; 69152fa3-c1d2-438b-8cae-320836a85cf6; 6a5fbbf7-433c-4b68-869b-ab44131166cd; 6a89ff46-f2c4-44c7-ba31-e053d7d63fd3; 735d7129-cfd7-49f6-b664-a7ea6af0f6bb; 73792518-8cf7-432e-8dc5-6c6277532ae0; 76e0af89-403c-4b42-9d91-7e7a39b967f0; 7a006797-af01-4d69-a45f-373982c1d344; 7a3ef25a-14ac-467c-bbb8-377bbe0d0c72; 7e263ab7-6041-40ff-ae78-b984fafd1939; 7e5c0e70-66a9-4276-8621-74eb7dca50e3; 7e9ce854-1fe1-41be-a7d0-5eb00d228c2f; 818112b1-8486-42ee-9f0c-80714070f9a4; 824c1c43-8884-43fa-b2ed-f915bde3daab; 88896161-665a-4a85-8a5e-b6f1f21a4d6e; 88d70b62-a7ac-41a1-89e8-30202e7a1b56; 8c33ff97-b8fa-4e9d-b3e9-db3fb2e87e55; 8f0c5ee8-3cba-4bbc-9f1a-29646883e7f8; 8fe9977a-45db-4107-8e0a-93af06cfc66c; 924ba223-e3d1-44dd-8d91-b13c2dd41686; 9703c0d2-b6d5-4702-a007-e7e115d6bb47; a45de9e7-a7ed-42b2-bd65-c332a1aea9dc; a7437c8a-f803-4f88-a845-9e110f52f105; a774c671-cdf1-47a6-acdf-5c3d29020545; a7fd095d-d110-4dd6-ba7a-62b1e2422d9a; a83ef80d-14ec-404b-aa2a-e7a5319506c8; a8d60bc0-b692-4b90-bae0-a97dae214e79; a9edc759-2b16-440d-a460-cab95836335b; b4657f29-3b86-4aa3-9206-bc61d32551ce; b99aecef-f989-489d-92ba-ca2c5bdbbe77; ba046939-6762-4e49-8be4-689215f590de; c065f72a-3758-4535-a060-47e8e6e76958; c083bbb4-5406-4867-aa87-c4c61e74d932; c49a2d98-9999-4c2b-87ef-e52644948531; c7d50a9c-933f-46d7-9a43-82bcd85fd66d; cbfc742b-0dd9-4f9e-b70b-fa5319a5574e; cd6ff2a6-44c8-4f2c-a2a6-03e9d1e3a0a3; ce2a6e17-b491-405a-85a8-06a1ff09b9e2; cf024aaa-5b1e-47e8-af48-07023fdd1587; cfb12c8f-047e-48d8-a5c7-d467024ce536; d1604c5d-9328-4733-8ce1-5da7f345267f; d5789a88-3968-4f22-8a4a-0aa55d1b4a24; d8225544-f231-4d41-a7f4-86a8424686f2; ddec4bd1-a2c7-4757-9403-3b47052d5d6c; e094e787-9966-49ba-af0e-5c8cb242bc7a; e4717084-83a0-418e-ae99-cca816cda628; e49613f5-9fdc-4b2e-8a4e-2b2d7d0dcba0; e5b287eb-c0dd-420f-a019-62e78fa52bf0; e8c4c218-91f8-4e33-82a9-2ca6013c2a1a; ea3f4298-7747-4519-bd48-5b9bba0ebdca; ed341406-4808-47d2-a048-9005dcdc35ab; ed4666c2-b1a7-4ada-963c-d70b9c2f4e1d; f0368df2-14fa-40e8-87f0-5c2452d590d0; f38ff399-ebfe-419b-99ea-2785ae8a2c34; f5116717-edc2-4e4a-8bbc-3aac794c8d3e; fa43222f-960b-4dcf-835c-5ff5d67e4b62; fa4f2fc7-4a72-4596-b9de-eb5ad42fdeac; fceac681-db7b-4051-afc3-601abc8b229a
ARCH,66,2.78,921,023a7952-a1db-4628-8bc7-08c35884c15d; 02d1d453-2d00-4512-813d-fee0c7d2105c; 032e275d-c77c-4f39-9367-b705d84fc98b; 062f35eb-8414-43c6-aad5-a16b86da4688; 077cbcb5-1a4d-48b6-9fd6-20026ede92bb; 0a37bf1a-7e13-491a-9f5c-6209209d7e04; 0c4c9227-c8e3-426f-b807-5bf4720d5302; 0dbf3176-aeeb-468b-bb27-62fd350ef027; 0e40a11d-1bea-4b7b-8c4e-448bff923221; 11d044bb-56d3-46ea-9b4f-10aa2aca9fa0; 19a35b42-8fd3-489c-afa2-bafbf0ec7fe7; 2461d9a2-2e40-438d-9874-9f294f59f646; 316c4eac-bf24-409e-ae93-7e2bbc01a0a2; 31cd2f5e-2927-4481-b09b-6588f5358a0a; 35432006-b139-4b88-a35f-4c2953f553ad; 36741c81-b695-4e41-8202-070a9e430329; 38c776d5-4959-4237-8c57-e31263fbefb9; 3b8cf6a5-7833-44ea-92ae-08f7e2b1897f; 3df57926-abfb-406e-a08d-47a1fccf6bfc; 404ba100-a340-4dc1-833e-cad3777ca181; 41a81595-1da8-4925-b22d-da290d2a16fd; 41d846e9-0a1c-4629-914e-5e85c1b0dd75; 51c1c78e-e562-4230-b6b2-4478e7ff017b; 526871bf-d2e5-4f5c-b1e9-b7740dc5be6c; 52acfd05-b01b-4142-b5c5-457ad7f6f1f7; 532f4867-d787-4ab3-be43-3f90ad5052c6; 55e0846d-dcc4-47f0-9d63-a8728ab034ab; 5708a066-fa39-4e20-88d9-1e0882a9d6dc; 57fbe9c5-582f-4194-b275-8132c02ecfea; 58d70b62-cfbc-4873-b3d8-d3a7df0ec2ce; 620e31d3-d103-483b-a832-3470fc08e759; 628e9237-9336-4cf0-aa88-3e7840550653; 647fd3d8-d769-4b3b-b7b9-7758518a5a7e; 74a5a2aa-0093-45cc-b711-f4a43938bd7e; 74bf0bb3-9b6d-46af-b0f0-ffdd46668000; 76ee565a-5f86-4cdf-9b77-26783d2bf10e; 7f7eac3e-bc27-41c2-919a-255ab6fe7ff1; 8211c7f8-e734-4c10-be19-2887690cc3c6; 82b97898-c409-4c98-ab50-ba5ba49e8460; 8335279b-1649-4560-ae9a-30f0055fb6b7; 915b94ef-c087-41f7-99c0-bc9eab8bdb6a; 94549e5e-ad62-4305-81c9-72559c50ea2a; 946dd21e-9535-4e3b-b386-6776c2d838d5; a15d2adc-f0f4-4faf-9cc2-4654fd8eac27; a570f3a3-0c5b-435d-a7da-2fedad18c3a0; a72417c3-c1e2-4ac8-be8f-f2877c7046f2; ad592d43-e1b1-4fbd-86d0-4fc8d0d66198; ae675ff8-4700-4c3f-bde5-96f89be935ab; b50d6cd8-df37-407b-bacf-b37d0d465d13; cc843e67-7271-47eb-af41-521338be0424; cca9fd72-71ea-4a7a-9100-6877c7890b8a; d1062140-c21f-422e-a379-08d82b1d2676; d3678087-4d79-4deb-9466-57bd55f514e7; d4a9db89-73a6-4da3-a55a-f592104a1034; d5123a85-c0e9-49dd-9e9b-f4d42db24106; d6ab623d-8a70-4c4a-bd59-9bde20405c68; da5144cb-5348-46eb-b7a8-ebc70bd468f7; dc336741-4c3f-4286-9bb1-6149a32e3f18; e297635b-0d20-4823-a0e8-ebc8a0b1757d; e2f97460-b979-4870-bfcb-ac95e7208e29; e4afa080-c3f3-4f36-8cad-de26281ca044; ef827255-6ced-4550-8047-d3554eafdc95; f0ebba3f-2dde-4ebb-b2f7-6b07e1c25375; f40406e0-f56b-488d-a16c-64ee9574202f; fa28c0b4-0852-443c-8c43-e49c33b48de0; fc10b461-1150-4f2c-be50-91fbcece5302
MATE,24,2.86,597,0279d93b-b47d-4eb3-aa12-3379b4649668; 05d770d6-bd25-4703-b1d5-bed534f83c2e; 196555a6-3123-4196-a5dd-f9b0cd077027; 1d54bfac-44e5-4e3f-b699-43f28dd8f6f5; 29b50a10-669f-4322-889f-3d01796b7d6c; 2a9a925e-6305-4546-957b-b10b78f95f9d; 2b2c4bd7-3dd9-4f51-8f70-7bf5a32ed76c; 2c0920ba-6188-41b8-83a8-41e2c513494f; 45a3ac9d-0e69-420a-9d36-d519782c4103; 4d685cdf-fbe9-4710-b6f0-ca62045dc30a; 55b89de9-ce40-46b6-bd80-3286b68b623f; 6fc51431-eae4-46f1-91b5-1fb91b57911c; 8acaf1b6-4ede-4340-8a2b-bfa825d7866a; 94f3aee0-31fc-41d8-9bde-b0cef2d5b294; a0ccf62e-106c-4bf4-bc9f-160584e12bf1; a8c887d4-fe5e-4b3d-af72-238e351743c7; aaa7e652-298a-4925-8ca4-205d2c87b7a0; b6d4215d-ad9b-4a59-b7bb-731cb49b35d2; baccc09d-6160-4cd9-b7d3-f0c428226a33; e0836645-b687-45ad-a76c-1507d87cf151; e460ae39-1a54-43e8-9b14-a7683ba25407; e6d146be-25c0-4ed6-ba3a-513e303cfb9b; ea3fa0ff-75a3-4000-9b06-4d6c69dc9c5d; ed54bc01-3ab7-40c7-9a55-4cedbcfcf16d
BIO,79,2.83,2048,027c1d32-e1fd-4096-bc77-3d94afdfd10f; 09b48d98-0615-4808-a211-e58c5de4ec27; 0c1d283f-c594-4e1f-93f1-6c9ea095c310; 0d3d29e7-c078-4eb8-b5e6-eb0813acd753; 0e89e675-8084-4fa5-b14e-47405ddc25af; 0e9198bf-415d-4faf-acfa-d4b16280aba8; 1173414b-4b60-45ed-95ab-a159f39b1593; 14302845-22f8-4002-9453-359842a8433c; 16247be2-b937-42c2-8857-b905c2ed0324; 169ebb4c-9de4-42ed-8d57-fdace8739ebd; 17e44356-8fb1-4780-89e2-be61765bfd67; 185db05a-bd3e-4ea7-90bc-2933d823e3a9; 1b4c80d6-db66-44b7-969a-aac54b063301; 1d8b12f6-2dbc-4123-ac71-ff8b13c23f1d; 1fa9bf45-9bc7-481a-8eea-086cb3453318; 24aa71f9-24ef-4e3d-b2fd-134a56ba797b; 24bea13c-356a-4399-9f7f-0a7bddb4f797; 251d57e5-7838-4752-88a6-12d4300e6a68; 2925eb44-17c0-4e35-931d-23c67d25052d; 30dfd290-ee97-4dc6-b4fe-cc99edc0b171; 3510e39e-ea82-44fc-8e33-a77b358fcbcb; 39770a93-8c12-42fd-a8a9-96e028b0ea4c; 3a9ed40d-14bc-4064-9c5d-b86c9af2b8be; 45a82d2a-55d8-499b-9f2e-e5cb833be1ff; 4a469193-899a-45b5-abcf-a3de59c8045d; 4c232965-c85a-4ca5-8402-bf03d743899d; 53105e9f-9e33-45bc-919b-64e40aef0c08; 54281c48-08e0-4048-9ae8-a53019fc4ea8; 553a4124-6b66-486f-9b80-d0ed854c271d; 560d86e1-87de-4f29-bbba-bc4cc13fd42f; 57f36e45-094e-4ddd-93b0-15d0d8af6159; 5c469df1-96ce-47cb-a099-22d35a5c52b6; 645dc6ac-6f0b-4ede-bf85-5f153993b510; 6576bff1-f201-43aa-a9d0-b3de81631269; 6a6bce9a-1552-4c55-8051-06daa1e8a684; 6a863eeb-06b0-47e8-ac7a-da76b457ac36; 77df5532-9c24-4188-93e3-2c7223ab1423; 7ba122e6-5620-4900-8f9b-9833f12cb82c; 7d3d4783-2ea4-4036-962a-9bd1dca6b1d0; 7f81e51d-e5d6-44d5-a2b5-0379e2fd0afb; 869c0e34-fe4b-4e79-8853-42e71202fe1c; 89712166-6e09-492a-9da6-76681df074c2; 8a09d90a-dc01-457c-9f8f-a355ca8788ba; 8bc4af2f-2d2f-48d5-9442-e35dbbd68f2e; 8e923ce0-c1a2-4910-a2fb-f20bfc14f898; 8feee440-81f1-450a-bbb3-b11923db3720; 90516772-72bd-4409-b332-b130eb421f44; 92fa4f9b-b8a7-40e7-bf02-f1da0eb0ee2a; 95412afc-0b91-4691-a198-01d4ec657342; 9cb0dfc2-638e-4e10-b1c7-a210b3a0229a; 9cd3bb05-bb8f-4e31-8055-d27271da5c60; a0e769a4-13d1-4691-ba68-805b2e2ec989; ae16a561-5bdb-42be-a909-fabd1a9a3455; b1273578-bb74-4386-a745-add6fac6e831; b1527f06-e9ed-4ff5-9834-8d2af466a890; b4806304-8d46-4040-ae3a-26aca65c4c2c; b7dcbd94-719c-4bcf-aebf-71087efce67b; bf812db6-b2a9-459f-82e4-b7cc56b718d3; c15b693a-c08e-4e15-9efc-f215b0b1fb88; c1be4311-dc06-42a5-9690-8388f1e73871; c5fdc21b-77d4-48ee-a092-7a3829326698; c69821e4-b3a3-4879-9ccb-eeea24644fe5; c79362fb-b5e6-4f81-8838-d785380cc966; c9ea256b-0670-463f-aeab-827934703b73; d1d72f5a-b3c2-4d22-83ec-61670e549704; d2d333bb-215c-49f3-8436-610ff0d91745; d38d3f0e-43ad-4719-bccd-2bb5629ee19a; d4e3b372-8e41-4f32-880b-1d3886d722e6; d81cf6da-80a2-4490-8efd-e35ac3296ddd; ddcb95eb-a897-4858-aaaa-721bbcda8ed4; dfcbd3ba-82f4-4c3e-a3fd-2908fd19b746; e083670f-20ff-4745-936b-c2065a026c9d; ea5cb999-fd7b-48a0-8be2-0ca91347c25f; f111fe2d-291a-48fa-91c1-39ebcaab93a5; f3c8ad9e-0ce7-4c86-a7ff-fbff1abec5f2; f9876335-ef61-418d-9804-903770797b81; fa57393d-2a25-44f7-b0ca-c9819c1a2148; febe39d0-af00-4a49-adcd-a4403994e454; ff913892-2f9b-49df-9335-2e1da565f492
EE,76,2.72,1801,028ad02e-f779-449b-a6fb-9e87e8f82215; 02c296ab-bd67-46c5-8647-5305d6f84824; 05cc433b-cd90-4189-ad8a-99baadf5900f; 0739f636-6b9e-4f95-b76e-035a1ddf4bfd; 0a082335-ed44-4f91-9e40-e6c2f3aad45b; 12d7e661-c9d0-4c43-9681-b8c23cae20fb; 13562eb8-4c24-490e-9783-bb47d17a3213; 1560360c-4c66-48a6-83e0-6bec9b350288; 161914e9-31b0-4df6-bfc4-79b50ef56b32; 173a6d6e-0279-4cc8-8a8f-9091a6afd7c8; 185f783d-9c03-4ed5-b5c2-727a6a764831; 18eea604-ace6-4f47-a2f8-f978e3375628; 1a8ca89b-1a79-4493-a0dc-d79f2c18c36e; 1e9c9ab3-ebf0-4ce9-b262-430560c628d8; 229cb75c-b14c-4014-b701-2efe5f95db7f; 236a442b-cc30-4648-a6a5-ae086b1f6df5; 26cb8dcb-a4a0-4870-a88c-479a9b2559fb; 2e1da759-8c4f-4aca-b3f2-9c7a30b711ae; 34c1c480-7590-4b17-ac8b-4f574092d813; 36adeba9-671a-4895-9fc0-e8ba8ff16368; 3b0821b5-a9ec-43c4-aed1-2af998bc120a; 3dddff3b-08b6-4409-90ea-a5b177d56f69; 3e73b179-df27-4a4b-bb5d-ceedbd726923; 457a9d42-4c99-44b1-b280-79e4c020f2d0; 49a79d06-17f6-44e9-91eb-089215dbafa4; 550559c4-1031-4e66-9a7d-9a895b565643; 598ec6b5-865a-4587-8142-e68db70bd89e; 5bfd4591-3978-4bb6-8f86-afb312200cbb; 63409eb9-5fd5-40f3-b04c-1b9670048688; 6496871c-4b96-4971-8ef1-40ce4a93ce74; 664fa4fa-9156-4af2-a43a-ca951955ee27; 693a2dcf-6faf-4065-bdc2-2a664a9482b1; 6aaf180a-c394-4b1a-a919-f01661f7b5ba; 6cadcedd-4f84-4b64-a4a4-4cbfb30bb70f; 6f493240-eda7-4da0-b321-88e35a8a96ea; 71ab84aa-a83d-4559-9881-47d2102f34b7; 74845559-9ca7-4671-912d-7e21cbe26e47; 750954fb-ce7f-4297-9c10-12c15e858b14; 77355efd-cfb8-477e-ab85-0d7913f37bdf; 77650a20-f201-43fe-a6af-84d3b396407a; 7d29b7b5-82cd-4736-a9b5-dd44836388b3; 7df9889e-e648-4d68-b9ef-9b3ee955c19d; 8036e9b5-2701-4a84-85bd-36adf9432df0; 821f8ff4-71fb-477c-96a6-ef64f54a6f4b; 82d59a93-1ea4-4023-a44d-8678bdc61f3d; 84d80d8e-0788-4108-9940-3d298607bfe3; 8551275e-882a-45b1-b4b4-210f94e60f88; 965d8a4b-3a60-428a-8de8-402042806efe; 99a6658b-cdcf-4cfd-a908-c61f7ab9f347; 9b4b605b-d19a-4f70-a7ec-2b6ba670505d; 9bd459d5-e415-4b54-9b32-dd55363aaa90; 9d6ab954-b24c-4970-bfd3-1b620ae69977; a2d5f0f0-e394-47f2-9b4b-106e8e8953ab; a546008e-c378-4b50-b7f4-b882eca5d604; ab565303-afb5-46c3-ab14-00d04cf57749; ab979c4c-d2cd-4d57-9985-7489b98c6752; b2d980b4-9d15-49fe-b787-bdd7a0e13a52; b2e8c1d5-b920-4a70-a658-d3cad2958742; c0bbc8f7-437c-4d68-9162-835c9b7d863e; c0e3f7ff-f4ba-4236-9c59-72d285455ef5; ca7b1baa-44d7-404d-a630-d035a33978f9; cc32a909-c824-4443-947e-8a9a2e0a4dda; d6989d6e-4fe7-4d47-b978-76e28b3566e9; d8301db1-2463-4ac5-95a7-adf4efaad288; d9e18ac0-143d-4ba5-b933-e8ea82bb8ac4; e2ff3c0b-fb4b-40f6-8959-f2e0ba3199ac; ecec285c-524e-4a42-a99c-36365076cb95; f1a94ef4-3abb-4680-b7e1-bee6494cbbdf; f20cc7c5-e033-49cc-96b1-13f7e2846265; f52bee40-d2d2-42a3-bcd6-cc64ba900d45; f8406f27-58fe-470b-9858-3d8eb61fb422; fab98276-5984-4b8e-a6ff-9e1345c23c07; fadbaab5-011c-4d4e-9688-eb3dc5f18515; fbbcb094-6b42-4d53-a05e-68ecb520dd74; fe76458b-b69c-416c-a048-60acdd4ce1c3; ff07da6e-b997-44cf-9ecc-ea361361e6b2
COMS,68,3.16,2965,02c1242e-ae8d-43c2-bf0c-43eba8793f25; 0452f2b6-2810-4f6f-a8f3-c11270778b52; 05f1ec78-a596-4c98-820a-d9ed186fb9e1; 07c3256b-a9a8-4ac8-8c58-c26187e5e758; 093a81c1-e2f9-425b-b220-403c57dd60cd; 0c366055-d914-4e46-a6f9-916880300b74; 0fd39f4b-897b-442c-a521-4e8ca2ac8aa4; 15ea8982-a40e-404e-8cec-57e592e33e35; 1b1cd964-ce1c-46ec-9627-354310b402a9; 1d86b7fc-f749-47b4-bcfd-4a05a95f0fa1; 27cad8e3-4c88-4e9a-a9e2-fa74681a2360; 301050f4-eea1-44cf-b7a2-b24626c91cad; 30527664-6bb5-4322-a36d-f743c3406aa2; 32bf6d27-7e57-4bce-830d-b3381547f3e8; 383d245d-b348-4819-970a-e65c5e109e4b; 434fcae4-e1ba-4bf4-a8e6-06adeb35ca5b; 437bb1b7-ca77-4eef-97d7-591ca368513c; 4532007c-63bf-4453-abc1-59500bd4fae3; 4657585a-880a-430a-95b7-91b367520bc7; 48607cff-a451-41ad-9243-1e76f5fc2437; 4945d089-c972-45dd-8492-97e84dba7158; 51cf5d50-3e37-4dc6-a63b-a52ac8883b1b; 5751af10-419e-4e69-a377-af7f37eefbc6; 58f02ff9-49a2-4dfd-96ff-1de4ec4ff240; 5b58b448-2c19-4c36-82ab-5074dc00f30a; 5d8245a2-0142-4c09-930c-78c2312c077e; 5ebff33a-0bd6-4589-b5b4-72574382de4b; 68bc31e9-2308-4778-bd1f-441f5f2f4760; 69070999-3990-47ff-92f7-732a79b03330; 6954d890-80fb-4979-bc08-63a97160331a; 6cfb0a86-cab8-4927-aa0e-232d39e1371b; 6d77d876-82a2-492d-af2d-d5d903ec9fa3; 72dd3dcc-5757-4b4d-a941-66b576c47ebf; 7bac9d37-e73f-4b5c-8b89-f99fdabf2a7f; 7cdfac25-5058-4ade-9c04-c6b5377845ca; 812625c4-0013-474f-87ec-c0a2c47b48ac; 889cd777-e896-4169-9b6b-a96627c17b73; 8e8a5465-81bb-4103-a9ba-cc5ffac9d5be; 8ea7dc21-736e-40a5-adc3-14ab9cd12482; 906ab2bb-3cf6-4a58-9b2d-238d52d81ea6; 90b8500c-c2db-47ac-a8f5-8a970038ba60; 9688ac23-4501-4959-9622-eef24a4dd04c; 9be90a86-7cc2-40f5-8b81-cb4261f7202d; 9c652853-b050-4497-b107-1bc53bfc9061; 9cd9758e-ed10-4da1-838f-74ca603fc4a3; 9d0dc714-b6e8-4644-8b84-67a8e0c5dd1a; a1df1514-65f5-46f5-b0ab-e41cd905101c; a3d886b3-eb13-4233-87f3-56f853deab8c; a945636e-743d-4599-9f43-e328fe85deb8; ada72be3-42ac-4349-97b8-ee146d128174; add4db4e-770d-49e6-89b2-76bafcfcb6d4; ade1245a-e5f7-4119-9d9f-658a3abf969d; b2d4f6fc-2939-4151-9f18-3c5e633b2b80; b3801c2f-07fe-4183-ae17-4875969c9866; b65028c3-7171-4c78-8caa-12d33791a85b; b806b5c2-5601-43bc-b8b2-659689fb967d; d1b7991f-f258-4f0f-8595-3359550da130; d660ecf2-63a6-447d-a3c5-e8e4ff54d832; d762cb28-8c27-4598-975e-33a2c241816e; e2d63c8d-174c-4181-8670-11f972e17039; e7699493-6ba8-4c32-b411-2b7b00a61528; ea8375f2-127e-4960-9d00-843e15416758; ebc333f0-ab56-4dac-909f-1af1db38d2c7; ebc57495-8db3-4062-b863-1a5ef5967866; f09fa1bf-dcd7-4c9a-93b0-1789f861884b; f2633611-976b-424a-954f-8c2649da095b; fbe1d5db-f4a5-4562-89cd-f979760539c3; fedaa724-94b8-4b33-958f-e5a76dd709b3
ASCI,38,3.07,565,03040f52-439a-46cc-9f73-19037e424090; 09eded0c-469c-4a80-b68a-85ecd58c34cd; 10cf35b0-058c-4d44-ab71-92bbf663fe4c; 1aafce0f-d47e-43a0-b41a-eb297cea01b7; 2da4ee86-3571-4a4a-8536-2a1a740e0c7a; 2db4f9ae-90f9-4225-ac89-1408339ba2f2; 3100296b-aa65-41e7-b10f-453a03a3b64a; 37c6274e-1b70-48e2-acba-5611c4ed6dfa; 387102af-54cc-4e92-b6a4-75e7f5d58acc; 41532f7f-c8cb-4634-8acc-035bd5d56f25; 41dafa23-0af0-4540-807d-66e7f34e18cd; 579068f1-99e1-4cd9-be36-e1c393babe43; 58a346b7-3147-4bdf-b8af-846d4341243f; 6129ad4a-0f8d-4d27-89ba-c9e894f8bd4b; 62711b6c-6c86-400f-bb00-587fdd020cd4; 6f896080-11f8-4dd5-9365-82e01c06e782; 7931a7ac-4690-4de5-a3a3-08135b62a7ae; 85d42e84-32d4-49fc-9be1-1e012396ac78; 8d629454-bc30-484a-a9d8-587e7b7c2214; 8f7cdbf6-bf6a-4f59-9a4b-9e4b7e34d9d3; 8f9babe2-9edd-474f-ab33-d3589f5888cc; a4167a42-8493-472d-b8a6-1ec423e804f5; a7f093ff-7312-4f0a-bf85-c036a4689cb1; b044e1fd-2138-4e8b-935b-db8a0f2ba536; b63f93a4-a67a-4f38-8414-68edaac166ee; d0393e45-e0b5-4d44-bbd0-ed640d5fc599; d3ef1044-d3e9-4fc2-bec2-b5c00316642a; d7bef6e5-b8ab-4a59-b847-4ae8ad005e49; d9236e57-b34c-4aaf-b06d-542199c27fa4; d97da0ba-5d8d-4cd6-9968-50506cf45b29; dea04a97-9f19-4e9f-89fb-39466915ef96; dfb2a543-39bf-43a7-87b1-703baa7ad0c3; e2058522-9099-4d8e-94e6-4d7367d7fd7e; e6ccf9fc-aedd-4c0f-90f0-0c739111a6a8; e812d059-0779-4792-9b18-93986d2a609d; e955e254-cf99-46a4-a33e-e4b8b394ff6e; f754c28c-de85-43e2-b3cc-941e866ff76c; fdb6e368-eb7d-4452-ae68-973ef850da2d
POLS,43,2.91,1141,032eaa04-00bc-43c7-a5b1-feb019ed5633; 06073a33-d9f7-4353-98fb-3229ce966877; 08ef301c-b849-473c-ba39-9d938030e5d2; 0e7837e3-9449-424b-af24-9d11f2809e63; 104a99ba-287c-4ef7-add5-e67827bee1c7; 2084d3d1-38dd-48ec-8130-2488aef74b78; 26178397-77b3-4f1c-a007-ec5bf80fc79a; 32f6a2b7-d906-4b5d-8ff6-00257d891bb1; 400c012d-e779-43ba-8777-06811ea7153c; 4373c26d-1c26-46f9-98f4-96e97d38f82c; 47161e99-0ea5-4373-bbfa-5501cc4e70bb; 4d7522ad-b111-457b-9d44-dc2af5ce14b9; 52280e62-fc4b-4c62-bc33-014ed8107356; 596ebbae-6ac9-4453-8d89-d1514d70f3b8; 5bd463c6-df52-4069-8681-d01c5468f909; 664d6558-0b77-45d2-90f7-595c11c25a99; 676009f1-7083-4fbe-b750-7e7bf2c8dcf4; 6d79e982-7841-416c-a510-f9c9bbbd150c; 745f586f-502d-4f1e-a4e8-71474e03c7b7; 8946f0f8-c071-4216-8486-56395aa33ee3; 94aeaa18-8585-42ec-95ea-1f718f22a5b9; 98dee929-d3aa-471f-b626-a2729fe651d6; a343cf60-7979-4421-8f6a-a9b17f02e160; a9ab5851-a561-40f7-8f84-4bcceb7beef9; adcd4f2b-ed5b-41ff-a6b9-aa3a2eb58b8b; b0ff5631-bb89-42ae-8268-e6b2babeda18; b5985049-f58e-4a0d-8ac3-7bd6cfcb0ab8; b6354ea3-df0c-46ce-938b-7d98047201ff; b9260031-77aa-414e-9dec-52abc100ab4a; c8890b55-bc59-45e5-b5a8-7858e3863add; d6944c40-4f96-4eb4-9c61-b4ae421247c8; d7170b26-5836-4362-8775-ce104d4e1f72; d71efbb1-dc0e-4096-aeef-7c320b480caf; d8be1b74-e982-40ff-b2fa-3acfec6436a1; dde090a8-e405-4372-bf95-bb0392e9afb0; df5cbd42-bf2d-478b-8867-27c897144957; dfee1266-b8b4-42a4-84dd-ce2b0dfc3240; e9987026-5b3c-4b0b-94cd-65cd2224dd4e; ebcc557c-77d4-4d73-b3ba-71e40f01cfc1; ef10ba1c-0c37-44c0-a8e1-350286ebbfd8; f39fe2f1-937b-4cd5-a237-aa7e2377a5d3; f67eb822-bea8-4df0-a390-c2cfd0905e01; fa76b19b-234d-4dcd-a522-0cd1f690ca36
BRAE,22,2.93,198,03885fcb-8b6d-4ef4-a22f-93967d07515b; 04338721-5118-4c24-850f-a87e72006dc0; 122753f4-8779-4e41-b3e7-ce6e3b16ec69; 21527883-cabf-4b25-b456-b2337c619ca0; 2794c88f-efb2-4091-a104-ea8bde1d46b8; 2a7abbff-f3f6-4837-87e6-0d72e8b7c1c0; 2ad7a9de-1e37-4319-a5c3-cd7aee00882c; 2bfc3bc9-5343-43c1-9439-49ff05c066dd; 308e3cfe-1c00-415f-90ce-2bf60f5898c1; 4bfc5e4c-4277-424d-aa1c-f02b91dc492c; 5a5e5a32-7280-422e-b21f-63628cbbc3e7; 5ee9328b-7ce7-498b-95fa-bbef957b2529; 601d0178-a2eb-45fe-aafe-98e2da12f3a4; 8d39b186-412f-4758-b679-3ae0ee238dd7; 96a4f904-1038-40e2-a0da-6977052d3fad; 98f44bce-82e3-4354-9cc4-8ecf906828a6; cd7ca44b-7756-463d-bc28-c2a155ddd816; d8f2fbdb-af41-4991-87bc-e886995fc31a; e3782858-1570-418e-a098-5f49306d8aa6; e495e889-0132-42b0-92a5-5b7ec4477cd9; e4a7abe3-cb23-489f-a9f0-ba84a60c2b0d; ebfab5f3-cb02-4e55-addc-46f572993b9f
SOC,31,2.99,1227,04472feb-9d1b-453b-8b89-c377d2562008; 0655c4ba-79ab-4c0a-a24b-58eb883a3e4c; 07032fdb-4be4-4107-b2aa-e219f91385df; 0d7c190e-30f0-4546-ac7b-947589695764; 0ea1c44e-431d-4a5f-be1b-f930fd556f53; 2d85c20a-6ff9-455d-8826-0644a5b91307; 310e9f01-8166-492d-8f37-83c8ddd7e511; 31c57dd4-0bb3-4487-9add-e6e76f89d4ce; 332982f7-7f1f-4e39-8e49-ccde8bd79f1b; 421f213c-ef45-44c9-a5a6-25392d4faac3; 4f949353-ac11-4cd3-b891-bb9f4f30a9c8; 596e8fd1-2b12-40cb-b73b-b6db9d4e4d13; 5c2c1396-f7d2-4ee6-8589-efb79e1189fa; 5e159eac-f3b1-4c39-9625-a3783c1227fa; 65d43284-0c7f-43d3-adb0-5c7d3cf604c1; 6d67af28-5960-484f-b0ad-671f0b050caa; 7d765ae0-0fa4-4a11-8023-e644cca0a672; 90e5c201-ee18-429d-9c0c-ec50953b3db9; 97c6ec9e-5363-4ae3-b9e5-e9b7c06d0e59; 9e866466-aeca-41c5-b4d4-4e0b17c8b6d0; 9f085275-d1cb-49ad-9832-49f5805fb3f9; ad2712cd-7961-488e-87bd-596783bb08f7; af6ede7c-406f-4ae2-b8cf-142d316a1b8b; b64540c6-28a9-4a0d-8483-1a439d2dc4c2; be0a9ecf-80c4-4e0d-8a1c-ffd6478f12a9; ce3fafbb-c63c-40e7-9cab-5b14bb8d144f; d2353ab5-6aff-45a0-8b0a-89142f71294c; d65579d2-d40c-478c-9e96-088bd98a3784; e7baa136-7d1f-4cf3-b751-4432067a3b5d; eed9b38d-348c-4b81-87b4-23a4b38ad816; f8af8b76-eb02-4fb1-89e6-e2a5e2388ae9
AEPS,24,2.79,269,04c6a23d-76e1-4c47-a861-a00ffa1abd97; 0b0836c9-598a-4af2-b738-2018f87a5d36; 0b63b5c2-9662-470e-a1ef-d1208330a16b; 17571b99-6cc9-437a-a173-29ac30f20861; 1b015227-319b-4e60-a842-67648e0de8a7; 27f53828-8c54-45bd-a75c-312a894061fe; 37463abd-6f59-4dbc-846f-9533bf7f82d9; 3ebd24bf-c2ce-4a73-9fb1-ce416e72facd; 4fa5bf6c-1979-4149-bee7-41c0144a4a46; 523c75ed-cc44-4acd-a176-1462b24beacc; 5d3fdb90-99d5-4ccd-80ee-85756d4b7dbc; 6171472c-4698-4d0c-9a21-3539562de2d1; 6c8b79bf-f8fd-4496-9558-65cd8b297cfc; 8151940c-72ba-424c-b631-a7d170731965; 89e59cd6-980e-4c3e-b70d-649c08988d75; 91bfdd87-bdaa-44dc-9823-9130dc713e8b; a9125607-e831-4a72-a70f-b19a92a1be73; d234fa64-d044-493b-96ad-d53937be0d18; d80bfc0e-0f2f-47a3-8e05-b6207f7fafd4; d832fa7c-11ef-40cd-9f1c-570156feb06a; d9fd53ed-5353-4f83-9ea1-8590296a1c68; eb32b45a-6d6e-4180-9f0f-d221a96e5238; ebf63308-3053-483b-918d-9837c73d31f7; f8bf1f02-91d6-4c75-b2a6-79593803c2bb
CE,55,2.77,1249,04cbe9d4-b7a6-4a78-9b3b-3ade9a3a46c8; 05419690-83c6-42cf-9736-b7d218b51f52; 0725ba87-ae7e-4a0e-9c4f-e4569cc65bcc; 0de9ab05-f404-42cf-ac01-6bd8a861d8db; 16bcfcb5-854c-49b3-beda-cadad9d5779b; 1806db7d-8a82-45bf-b664-c09f59a75306; 3fa9db1c-b73f-44cc-a724-7aa1d3ef4de1; 4352e955-1edb-4737-b8b5-47a95017ea8c; 4423ac41-397c-48f7-8296-e75e3f79131a; 489f0f64-83d4-4c91-8cc6-59b1de5afdd6; 4ff4df6e-13b2-42d7-a12b-f1d62f629e96; 562d05fe-4102-4dfa-9c86-b8859090dafa; 57d08e81-803f-46e1-a741-4e5c04be3a1f; 58e20dec-dd3a-4ec3-baaa-ba3efeeb94ad; 5f80e9c1-fe15-46bd-9242-11c5ebd30fde; 61d8fdff-4b97-45db-80cd-1a79e7575e87; 6a83003e-b8ed-4c8f-9632-20a93b5aedd2; 6fbba008-5abb-4c62-93d6-d4e7a597685d; 7186d2aa-ae12-41e3-92ef-4ef1cffcefe8; 75117b0c-30f1-49aa-8220-756ff0f36eca; 766c3271-386a-47b2-bb01-7c1c95a981c5; 767dceff-3b7f-45fb-bd64-5ed12a8ab7d7; 798ef36f-b69b-49f2-88b4-e1fc20d22ce6; 79c20410-e71f-4ac6-b08f-a06aa49624be; 7af58633-ac6f-4cae-9983-29233234eaa1; 7f4d1600-4a00-4898-a107-d184ca73ca6e; 81d906ef-3a47-47c6-8cf6-88cc1d0294b7; 8418e38d-1b79-471c-96f8-666951a24627; 86057ec9-7538-4dd6-9e31-ca3d780f3035; 89e8e287-c432-413b-98aa-1e0a40bdc85b; 9ecfac36-fcb0-45b3-bc1e-c845eeabbe17; a1a20e8a-af26-4ba7-9e46-1a450d67278d; a26bfb9e-61e7-4146-9a6e-09075b1004c3; a7526470-ee2c-435f-9eae-6adc62a7d039; b0ed8e28-3600-4f5a-989e-a2469e300ff4; b331e797-693b-4f15-bce5-5b546376e68a; bbefa3a7-f943-4c7d-ba97-171ea5ed7519; bd0c636e-8b82-4150-89bc-85b77aaca776; bd4ce8a4-015b-4709-b0d6-6785dbf82142; bf9b01f3-6703-42c9-9461-e833ad49a61a; c5359890-e3f8-4024-9265-ac55f5743f0f; d26a1456-27ee-48dc-870d-33edce9fdcb9; d4f7e1c1-054f-4f17-9e6d-1f92a6e1e7d1; d6f61c56-f2bc-4e76-ab63-04b9654c1e01; d817423b-16a9-4acc-90b0-c1e44e0d3d0b; e0719651-08a4-43bd-9701-b218f36d1976; e270ec11-3156-492b-aed9-e92b9a4ec2bb; e9b8c674-55c3-42f6-a363-ea1000f48224; f06f09be-5bf4-4ef5-85b0-fa04b963af7f; f5567855-a840-4fd8-9d3d-9300b8175738; f8baadfc-0b60-4153-87fb-2f221c43c384; f9ff9e1d-0786-4b53-99e1-e903b40b7cca; fc16d26e-3120-4026-9f47-ede612f7f7cd; fe03dbf3-166b-46d2-9052-93f05e90cc19; ffa116e5-61ad-412b-9282-d379e4065f3b
HIST,36,3.16,1661,04fe35b3-75ac-4caa-aef1-5be56cc90aef; 0c3d6f8b-340a-42f1-9a6b-71b6d1ec8aaf; 2d07668c-ace5-428b-a106-7ad88679a70e; 2ffb8075-976b-4331-8ea5-ce410735b49a; 30ed9378-a398-4aed-96e2-8b1ef56ee332; 3a7c2cf3-20c7-4c5f-a642-d4056c0af06e; 43974698-f35c-4508-8853-09b590d42401; 4a658f84-62b7-43ec-bd5a-ee08e4900532; 4ae3e5bd-4016-4c5e-b597-855900a95b55; 4f357608-b0c4-405f-85fa-ca5134e9a3fa; 575abf2e-dad7-406f-9549-f6a895dcf502; 5af80dce-ca18-4e5f-8324-b86c7f840f6e; 710271b3-0001-4e94-90f8-970bbce1799e; 753cda24-294a-4947-bf76-15578747cd4d; 8171685e-5e66-424a-890c-ed7f783b8b69; 82f7f218-86b2-4b7f-a3d8-20749c517323; 87cd984c-5e08-40a5-b0bb-d69204ef3605; 8efc8e78-0c5a-4c22-9f19-b3a57af5e813; 91222f73-1b58-4328-a147-a0657a466c1a; 91faec25-7420-4932-8806-49667b96de59; 96650737-1d20-49ff-abfe-09115fa4632a; 9f456687-98d0-4341-83ad-1c7e19df0dc0; a00cd51c-b56b-4e60-a0fb-788d201516d6; a441de34-418a-4b42-a873-18f0eb7ae0c6; a5e4bab2-832d-4b80-b12b-c3ef2eb240cd; a6f9071e-d37e-40c8-a20c-577380633a3a; aaed26e2-d4ee-4780-8e65-8f4d08abd84d; b0a7c3f8-2677-42b8-a9f5-acfe101fb5ba; b8d248c0-705e-47a4-b08e-d2cbb3d3e75f; c6fc3446-df7a-44d5-9e5d-034a66ec0dc2; cc61f9b2-3c78-467f-904b-861b1091f00e; e15943da-904a-4f1f-b5dc-f4e948336835; e2cbe207-050c-4685-8309-14b9bc8af61d; f6a51b5d-7a85-463f-8ef7-be780a53ac76; f74a7bac-49c8-4b7a-b3d5-fd9eda539ef2; fcaedfcd-e9f6-4c80-9fce-9804fd312adf
TH,15,2.79,278,0528f8e8-f58a-40db-a147-61d52df36bf3; 19e0f6d8-0f95-49e5-b2c8-6081f1cd3eed; 461245c0-275a-4da4-b409-8ba3ccd2b652; 5331d1e5-7c62-4e6b-8849-ff2ca608f332; 535c9962-9a63-4068-935d-178416249f15; 7bd30ced-4a5c-438d-896a-d22380692a95; 7fabc619-b170-497f-81d0-81a08eabce34; 8cd410f7-e422-4f27-843f-d880a832245f; 9274d21b-c167-4350-ae81-4e00cb1caf8b; a6dfbcc0-8467-46ec-af81-f4dabd3cbeaa; c17f9053-58ae-4214-a0ee-fd4787aceb12; c6bbdd69-6979-455a-b1d7-725076491f86; d2ecfd48-bba6-408e-afc9-e928d7981b79; d61c2304-95bc-4d63-a15c-46e64fda9fdc; d832028f-d3c6-4189-8552-be3b30d9cf52
IME,45,3.25,808,05f5070e-63cd-43f7-b0fd-3213c59fec71; 0cd9fc81-f2c3-4435-93ae-6773db1310d4; 16ea9d43-1edf-476e-9a51-21ca48621342; 1a85e02c-557c-421b-94f6-80b53affbf5f; 2658aaf4-6d48-405c-a9c1-7042fd5b2d2c; 3074c7a5-859f-4607-9227-e4d07719770f; 356a4453-3567-4d2e-98f3-42f9d743c65a; 3a2fa76f-bc5f-4757-bc29-26cfefa3aa73; 3b347b60-6915-4381-9603-2894460e692b; 3bdb607e-286d-4bc7-a0b6-0c323bda89f3; 3f0eccd6-fb4a-4d3b-9de1-c12a4b6bef24; 409d97cc-6685-4792-937f-7836403f9b4c; 41cf5aef-34b0-4a9b-82a8-6230f1d461a2; 426cbc6b-72de-49a7-adeb-796d17ad7299; 463c26e0-711f-40d4-840e-abc08cbd9b29; 4c08886c-7201-42c8-ad72-c1cec003e994; 62dae2e2-a19a-4f74-ae9b-cb56b6d907e3; 682158d5-f9b3-4f25-b88d-571bd7bdd3d5; 6c1a9ecf-c159-4147-8a4e-9d8885a5233e; 709eb4ef-21e2-4c8a-b4ed-0e23c3b9a4e5; 73eb3f1b-a5da-4378-b455-c4e49e9ea592; 78366f2f-b8f9-4d73-8dba-e149641b99f6; 7cf9e1b6-e474-4b1e-874a-a79176c959c2; 7f9a822a-b2b1-45f2-95fc-d8dd389a38a8; 969908c4-3f06-4d6d-8d79-9fb750648de8; 9b13a7c2-22ae-4dc6-a3d6-b98a11552490; a8b9e879-9841-4d88-978e-65d59676bc1f; a962b367-2616-48e5-ac6b-127f2e9eed11; b20a577a-00a5-45e4-ab9b-9f26b917197e; b3e53b54-fc8e-4e62-81cb-2457c0da83f1; b57dd3a1-8823-414f-9b29-72825699d326; c4e82ec3-518b-4ad1-9c3b-0ab3a94aa1e6; c6ae4309-59c6-4f24-875e-0e13b4fdd237; c9fafe3a-452b-4155-bc99-a354b9627d4d; ce650533-6d2d-45e9-abe4-8a46c18a1bf9; cf9327f9-d768-40d7-8408-9beed4ece604; cff090f4-e4bc-4c88-a93f-b1de2ae88a3a; d3bd93d4-5180-4843-9e5d-f0337618fc71; d99929b0-9d0e-4b5d-9b41-5eaf778849d9; ddceb410-fe7d-434e-bcf1-d47b15d08b07; f1b066ec-a0b0-40e2-b5e8-726df2b85b16; f55e5e70-6b9e-4733-aac3-0429e44f325b; f79c81de-54b3-4117-90ab-59571123ccc7; fa55393a-1d3b-4208-b42a-c24a82af0f71; fe18cda5-0ede-48db-9a42-a2df47dbedfc
HLTH,9,3.22,59,06772524-93d2-450b-b82d-4f31ea630828; 48fc936f-68be-40b9-ba4f-1318371f7e1b; 5bf9b22c-ee09-42d6-81b7-4ece403bf933; 65cae374-21d9-4ad9-8836-cc6025fb0075; 6c270311-500b-423f-ab9f-ec71f2380874; 815c1251-26d1-4bc3-a076-678d956e94e9; a2d71929-6476-488f-af24-846e9331fbcb; ac8fecac-8858-4b1c-b3f5-409a8b561be2; bb0859b9-31c6-40e7-aa2a-accfb3e682c2
ITAL,1,3.57,7,068c2ad3-6d35-40e4-ab6f-a8806689c547
LA,17,2.84,170,06fba0d6-f6a3-40aa-9059-bc35695fe5df; 0f872900-f1db-4984-ab3d-0473538166b1; 314f67ae-c712-4af4-ab43-0542679ea617; 4323c2c6-3257-4e5b-baec-8ad0fb8fc3ed; 66bf4033-7ea7-449b-9619-474f35f9970c; 6fe93b93-6cac-481a-ace7-ba8eca9ea495; 7418bdd2-78e5-4eea-b4aa-f2b64ac2647a; 776074ab-6257-481c-9a45-7cec968039de; 805e02fc-76b9-48b7-b880-7d667aa0c1c0; 90aae5b6-5155-4f42-a091-207761945e22; 9148879e-1259-4dd9-bd06-b6cfba46144f; 93ee0903-434b-4966-98fa-40a491eb51af; dbfadfb0-193b-49ad-8921-a05366b174ca; dc4292f0-a19a-483e-bfee-483918481ec9; f2f61193-858a-4a13-9613-3d0c02196111; f90033d1-88ab-4f9f-ba1d-511620af8197; fbb9c843-a1f9-4fc5-9c23-09ed01a49c74
ARCE,32,2.66,411,076d4e80-f2d6-4616-8134-fde24bebd509; 1f6fb852-b4d4-4d33-961b-7afa3cdb1256; 1f9f0c5d-4fcb-4112-8a98-da2ed562b629; 34703f84-c212-415b-8617-b55668b41a37; 387d47d5-34a8-4bec-95fd-591967e99ecf; 42312496-183f-42d8-80ed-d090b91998a7; 424ec767-b9c0-462d-a3f3-daf87e36458a; 436ac3ea-924c-40be-a4da-356210634e01; 441f5c44-5c10-4916-a122-2a690e787359; 4973d132-a43d-444c-978f-7faefd2b5cc6; 4b0918e8-a5bc-47cc-bac3-799f8c3e60ce; 4f32f108-51d6-4d14-92bb-7ebb6ae42b56; 533a457d-bd11-425a-ab21-eda45a117e4f; 58373f87-c866-42d6-9904-797c5ea88534; 6326ea35-78a5-49ac-904f-bbc786681a74; 7f6a5bd2-f986-49ee-8052-ea6e94fabaed; 975de054-ac61-4b4c-92c4-7eb37c14c858; 9a928dd7-90b3-4ad5-9fd7-af2fb63797bf; 9b665b95-6736-414f-9b7c-21851a95dfc2; b05442e0-bea5-4c5d-896e-187d900aad75; bc0ab43a-83a1-417b-966c-ce5597d5c0a4; bfd2335c-af24-467c-b0ea-ddf51396b60d; c4a89b8c-6506-491b-bfda-cd12083c7e0a; c764d48c-6bbc-4d3e-921a-d7f611081af1; cb6de3fe-ba89-41af-bbd9-f90a9848264f; d4fdc462-122e-431d-a152-b98b57711f07; d829367d-6532-4ed7-aa60-484dd0f88299; f0b16dff-ed0f-4cec-8142-610f3ed15171; f1084622-2e4c-4530-98fc-22d9650dec96; f267c186-db77-4eb5-a671-791250401c98; fa643fe9-d35e-4ec9-b154-2a0bb20a7a9f; fdf5b48d-c944-4144-a211-fdc5a176417b
KINE,22,2.57,421,0831097b-651e-4ea2-842b-0a15b9ae12ea; 14beb503-c2a9-4a71-8f0d-4c535bd5ff1e; 1e29c4e5-8818-43dd-a5d1-0e69ad25cd29; 20a547ec-1d43-4f25-9465-e687f3445dbc; 2584a32f-07c8-404c-b4e1-8e859c1c3f0a; 25be1b96-108c-4387-97ef-294dbfda47ff; 2eddfb21-a7a4-4e84-bd90-78ad821e9b8a; 3a022846-d480-43a2-bd7f-da9f165b2f5b; 547d5a0e-f9d7-4ac1-9723-2dabea4c3dcf; 57cbbee1-fc1d-45bf-ab25-72c50911c337; 5ecdc4dc-963a-4e50-805c-9bba8e3b4da4; 6df0ff5e-d19f-4b6d-824d-7cdb40cdd695; 7fa083ef-bebf-4115-b9c9-cf838fc67cea; 7fe936e0-9eb4-46d4-baa4-46abaec4755b; 856bd90c-7528-41d3-a4b1-bc5d98ec4dfb; 8832fb36-fb93-4000-b18e-4d04d31bde36; 91787a02-37c0-404f-b0ca-7123eb15b3e0; a2bf0a5e-f12b-49fb-8d6b-65c5341c3cc7; a3a3448c-a0e6-4dbf-bf2a-c79c3c707e05; b65ca588-0cee-4751-81b1-c147a7ee8b5c; cdcf44bf-3ce3-4438-b70e-4d519e6a408a; db2cfcbb-9cf6-46d7-b499-7b18233b2cf8
EDUC,8,2.93,20,090de4b1-0d40-46de-bda9-3520b2e9ee4f; 0e91caac-ade0-428a-ac1d-21396ef307b4; 4314190b-d96e-442a-9230-60c52e152610; 622babff-3199-48fa-8e66-051b81b703be; 6ff81ece-e18f-4f47-920d-e63add1e9493; 782e6532-ceba-45ec-bd91-0e47b1e59fd6; b72a4e21-290f-41e1-8b57-6cd8bbde40a1; c8054dad-47b8-4c2d-b3d8-edfea53df7d2
ITP,24,2.72,301,09bfeea7-d956-4952-a8f8-3b308c8a5d2a; 1d37ce8a-d326-4089-b83c-8ffd1f3cf12e; 2189c1c5-aef2-4c1c-a17b-86a17c6b06bd; 229ec9f1-51fe-41ff-a699-9b6817ce892e; 244c81b0-f2b1-4204-a5fc-d30b29dbddcd; 2fc4a599-8b33-4f80-bced-a7169635b458; 34324be2-ac9d-4785-8750-eeb96d6a8ae6; 3fd1bfa2-524d-4ff4-a6e9-668ef1c2657b; 4de0b45f-6c3e-4c6f-8dab-ab65dbf88f2d; 59f9a3a0-cdcf-4176-bf8f-36d682c0840b; 6727ee7e-8b80-4af7-976e-1d7ce2b0d5c6; 79cbd499-eda1-44ed-ae79-9e5682ec1599; 7c01310c-acde-4fda-8ffe-0237ad5a5f24; 83c6fd81-597c-4d20-afb7-faf50073416d; 8a16e962-3dd9-43d0-97a7-c6bcd7bf3606; bc1144a2-7ef3-4f53-8f6b-f30f091edb8f; bc578426-c964-40d6-a016-7e7bae627aa1; be70dc23-af2a-4167-ac81-88672ab8109e; c061a5c1-a660-4eed-9f15-24901fd3d926; c73101b6-d442-46e5-9bd4-15789a5c4d03; d54f27d7-2fd3-4f50-8521-540ea8173395; eb538e2a-56c6-4ab8-b62a-6418326d4b33; f0fdf2bd-0950-4a75-9809-f4459a69f83a; f6edcb4a-49ad-49c7-9ee6-10af877dfc9e
WGS,16,2.46,276,0a3c8ad4-2d5e-4906-9917-7cd646a63533; 1428b52d-4648-4065-9eb4-c70942f3e598; 2718964c-a9e8-4ed1-93c5-0517d45355de; 2e268f25-57b0-4768-99ab-3a5f2e028fac; 34b22770-1fc8-48cf-922a-fb61ec6acf88; 359505b3-25c9-4b7b-a88c-7dfef0ec7f4e; 4faf9c65-5878-4205-8912-4988dc6a09dc; 5454a6d7-4b1a-43d4-94e2-cb4b33b02481; 8cc1aa56-6c0d-4b0e-8a98-4469e7d1f533; 91d47886-4d11-4e49-90af-7f2a8459817f; a5f5cd6b-cea1-4d5b-b7a7-014185b586a3; b325fb31-35c0-4423-a8c5-10c363ebf968; bdcc38ab-232e-4894-a039-c8ce9f899e08; c10db745-222a-41a5-9f76-0d3e6469f84f; c4f8471f-c669-49a8-a594-5e3825c6203a; e0b41199-72e4-48f9-9e22-c8be48259cf6
ECON,29,2.42,1729,0a69e32f-bb2b-4d72-a667-bbaa35868ee6; 0c896ffd-7111-4a03-b59b-20d422e0ef22; 2034d30d-af7c-4bd1-b74e-d26fff04595b; 2f359626-536f-4322-81f0-293d61429a57; 31fa4ff6-d393-412f-8663-2c1f138a099a; 38e5cde8-9d3e-41d2-884f-f4d9315aadc9; 3ecc893e-02ef-468b-b460-ac4fa2158b4e; 3f623886-df5f-4a2e-a7d3-c8b1b618fe4e; 4ad5a2d9-8a73-40db-8041-9162bc56dbd8; 53faf140-8d63-457c-83a7-4d732a532c2c; 5c22771b-6cfb-478a-bedc-5a5e748f9a84; 601f0947-f83a-4f52-a6c1-ef1e7a4f1283; 6098a3e6-62a9-4b83-b353-c0d3d72ef8d1; 63d88ef1-d1f5-47ee-9d69-1ec0fc11ae8a; 66a8823c-ede7-41a2-b783-d36796fefe65; 670308d9-0ecb-48c5-9328-7017d6464084; 70f11b8c-b500-47ab-a2c9-ca727c6464f5; 76f23cee-9b55-4b8a-b4fb-eca6d0d79776; 814d230e-17aa-4898-a2e1-29222ec94619; 827f0fbc-a1aa-45d0-bb7d-3e0e214312f1; 828edd03-1cae-4f92-8a39-708dbaf1469e; 9426f0cb-0740-43c2-a873-8e957ff54873; a253623e-9e05-40de-8204-6cb076deca47; b8940792-86b5-4911-ac2e-53bc975a6c44; bc0d063f-7539-405d-80bf-97a9095834b6; c3bf8896-5cae-4781-93f6-fe6abe143e94; cd227521-472d-48e1-9ba3-80a1e9145d3a; e5711c90-bff8-4d8d-82c3-94fc9f86d99e; f249fd1d-c5c5-4292-aa74-614fca5085ba
PSY,49,3.2,1195,0ae8f5c4-ee13-4db1-95ed-c29718518dbe; 168973b1-c4a1-4d0f-8538-6b449a2718f9; 18bb9231-ca98-4917-9a90-9c3ed3a646d2; 1a9b9706-8d8b-4b66-94c1-dd39eb995b6f; 1ca8559e-6481-4f23-a0fe-9f2927162984; 2256e024-d4c7-4d4c-b9e7-1609638c94dc; 25cc92c7-1c61-423c-9533-684ea87dc713; 2df26f80-d110-4f4c-879c-33c34d0b81fe; 31b36c17-43d1-4421-8d14-1fc432424f7d; 335aff78-6ef9-43b6-9163-9fe28f92879e; 34963895-4e58-41af-8107-fbf42bf54fc5; 358dfdd2-9925-4f26-99f0-be3d8addc838; 38ecefd6-bd03-4082-8e26-3c8984b2df6c; 395ff327-9b3e-481a-b08e-0ca418d4e29b; 3b133838-55b8-4aec-aa00-9b4150c9b774; 4492e415-31c3-447c-8d58-ad474c54f453; 46bb0366-5299-4e25-a8dd-338e3e75d8ce; 50b9c50a-ab3d-4d63-8e26-09284f08fd7f; 54faf709-23eb-4318-b25b-544baf83b68c; 61d9c882-ac86-4045-91cc-55dd089715ce; 71e031eb-c4ff-4821-ade5-b534bcaa78a5; 74ff2859-2be0-4f35-a6ab-9b2d68c2e6fa; 783f6cf9-617c-42f9-b9d1-c032158e6051; 7a7213dd-3b37-46ce-a7eb-21bc32ca158f; 8c8d72a7-61e4-48e8-a482-ea650de1d21f; 8e14446c-c592-4102-8f4b-32b91841915d; 8f72f93b-ff0c-450d-a666-b0e84ae7180a; 96751a12-3af5-4a50-96bb-8250c94720d6; 97aff5c3-3ae5-42ea-9fda-8d133121e630; 9e6a85b0-f8a1-4d97-83de-8e06995d0de4; a6564320-c842-46d9-b3f7-54fad420361d; b7d3b66b-1fde-4d9f-8ada-8cb1ec26ec00; bcb9f9d5-6a1b-4987-836b-5a12646710fe; c646f0c1-b2f5-4b2a-bd4a-8899ed31749d; cac0a9c3-4c65-45f3-918b-3e4aaaed24f2; cc174c70-f9af-48f1-82a4-f1f0695160ae; da2e4b66-3689-462d-af5a-8a382cd78675; e10c0dd5-9bd9-46fe-983d-affbd67c1763; e2796c6f-828c-4549-b34a-269ce013b986; e2eda017-ea27-436d-a45a-5b037fc21ca8; e4000420-77eb-477a-9924-8398aac82e09; e8d91a13-9047-4eed-87cb-39dbaec8e135; e9789fd8-39db-496b-95a0-8d9e1ce4213e; edad8153-49ab-47ca-b5d4-0ce97c33b01c; ef4cbc08-2661-432b-a596-0a4d0fe27236; efd06b6c-5a55-4dd6-8e1a-ab9ca851064e; f0fa4d2c-3411-49ac-b28e-1ec38eab83a1; f77ad898-eebf-43cb-af51-c07bee1ad448; fb14b4f5-9c2f-4507-aa13-769e7aab3526
AGB,41,2.66,713,0d887a6c-715a-4f2f-a51b-3dbd2ed775c1; 148d60a0-0f41-47a6-a86a-b167a3027456; 149a6180-1bba-48b1-8606-6e3cff2d9eab; 16784ab6-136f-449a-b1ad-d2a8554cc69b; 1e1cecbc-0feb-4bce-a6ad-2ab182787b66; 28b3cab1-0a5f-4881-a12b-3f7bd0785bd8; 2c770f03-2d67-459b-bbe5-fb0506e60d45; 305e940e-1d28-4ed8-b5ef-94f9964c8e04; 34aedde4-0896-44a2-ac4e-863ef80eb2d7; 47a02aba-0492-4f2f-9bb7-07dde9074df8; 4ac103e4-cfd8-43a8-8e0a-143777c8b9d9; 4bc393dd-7340-435b-a7e2-f4042d8bcf49; 57c560d9-3a84-4439-93d6-cee47edead84; 581be63e-c211-465a-85b9-f0e7b296c2c8; 5b827029-e5fd-45de-9cff-8b27c2c41ec1; 5df98f5c-4174-43fd-937a-e5a489d3e75b; 5e70bb45-8f34-410f-8529-99989e56035f; 5f8d4f84-7166-4be5-a140-e7fc4273a439; 7397449f-4d09-42f5-b21c-d65e975b8b9b; 746a1911-a32e-40a1-899b-841f24660af0; 748664d2-24f4-4750-a1fe-25c59f0f4eac; 7c6e556a-8682-422d-83d9-8be40066bd39; 8744f6fc-b042-41ab-a98a-b69871e58768; 8867ad30-40a4-4c25-84e6-2dc5d12c9851; 8d0b7c2b-81ca-4a53-bb18-f40dabdb2c1c; af027de6-8993-4099-949d-adb138d0bfbf; b680762a-d68e-49a4-9da6-334244ec2e6d; bc612d3b-2f51-4ad6-99ff-eaf54d176254; c1822950-b8cf-4270-87a8-8cc61ae65f6e; ca110490-3d6d-44a0-8124-7d8d35edf962; d22d116c-3391-49ec-80a3-25031a9559aa; d23e208a-85ac-48db-b057-435ddc9346b9; e3df0d76-3f36-4981-a166-c55bfb0aa797; e7217198-8b13-4e4d-9ffb-56dabf070253; efcee0a8-e720-4cdc-819a-5b9b5fd2378f; f5f19553-4f82-448a-ad5f-f19ff4dc8394; f60ce49d-f02c-4c15-9e36-9cecf10ed71f; f7a8d5a9-8706-4587-8c84-20f547b88e59; f7f66e1e-39ff-48f6-bf99-343ffdd537a8; f8996271-9729-49d7-bb41-38fae73b9dfc; f93e99fc-b2a8-438e-80b3-fe4a4e24e282
STAT,51,2.86,2068,0def05cd-ae83-4759-a88f-a5ffe2a4efb4; 125b8b2c-b881-4d72-8398-77f93a4c21f6; 147a8956-0fff-41d6-a531-cb94397a8ce8; 1d8afbfc-ded3-460d-8045-209a27238adc; 20163407-f9cf-4d2c-805c-cf3772366f97; 2b6b7a80-2e94-4a46-a3cd-94074c9a6935; 2e0f9bad-5890-4937-9ff1-97e2fc35f7b2; 359f3007-aa22-40a4-be9a-42b3e9a990b2; 42277421-8fe5-4f5e-b3bf-c17806e57b0e; 44acd2d5-3eb8-43d6-9cec-aa129c241288; 493eec41-8e9a-407b-849e-1b4f1ee82ff1; 4d521b14-e686-4e12-a51c-06be18556267; 508bc452-56fb-45b8-adc7-a068f36e054c; 57eb0461-5310-4ec5-8b75-bd81c6786e71; 5d87cc8e-e676-49ba-b462-a1b3f94c0d8f; 5e17ee9c-227d-40b8-8c5c-7e69f8d732c6; 5ee6091b-e25c-487a-8149-36cdf141d0ce; 5f23f167-0efc-4999-94eb-64d5843592ea; 6fb88aa6-9be8-4266-a82c-c3e945deb0df; 74691784-dd61-4160-a11c-7f296fd108cf; 770eda96-5f64-4345-9371-3721f25bdd1e; 779f3d01-469c-4a40-bfcf-3c0e16414f28; 8596324c-7230-4628-92d6-620a229fda0c; 868794af-4ad8-4edc-9374-e05de9a7caf7; 86ce7096-5a4d-44d4-aa72-85182252f8a7; 88de09b4-443f-4b32-b428-92c6aa35952e; 9411f97a-a14d-4150-9a16-72ee15d93841; 96af7726-d2ab-40c8-897f-51bdda6f5ece; 99cbf65c-f534-4087-b71a-ce3754a62990; 9ca56b7a-49fc-48e0-bc8e-bda0c792807e; a110d12a-7abc-49f1-95f4-295439c2814c; a21e0db3-3940-46fa-b4d2-202387307d1b; a4821d68-a5cd-4bc0-a413-f3d86363109c; aab12eb6-8d0c-4fe1-9c09-e37963515767; af9bbb88-6db0-4aaa-9d1e-36e6775b3a65; b5d8a20b-cbcd-4824-9e70-464b826b857c; c2152f06-bfae-4bb8-bf33-a2709cd4e3b4; c44cea47-65b5-4f1e-8648-68d88819ec86; c6ebb945-014a-4e2b-b2a3-b1027e059e56; cb1a4f07-6f81-486d-8eed-571f32226b76; d845e506-3284-412e-9a7b-cd8a5a2eb3a6; d92d972a-40a9-44cf-8f4f-3dbf31d786f7; dab4614a-8d22-4a99-85e8-69832fa2a88b; db5a6418-d394-4bb7-bf46-3ba1947e4601; e8249ff1-1ade-4f5f-b724-639510e151aa; f4258360-e65c-42fd-af1c-dddc368ff249; f62173af-02b3-4312-8da8-32e6f5015c3d; f9c05b72-903c-4250-85f7-77dd541d973e; fdb090c5-7e78-4561-9506-72b3733a094d; fe68f211-8fbc-44e1-b134-88434a408245; ff03b310-86ab-47d7-9cd4-f99d8fce4d61
CM,19,3.13,95,0e0c4ab2-c7a2-4aca-a996-258971819f45; 0f5faa54-0bea-4192-8739-cb9a46ee84f6; 11de1dbc-9a07-4f80-9c16-892cd72e1dbe; 1e1f1b79-7bb4-4b5c-9865-76ae1ab38ea0; 28d363d4-2a52-4204-aeac-bd904596952e; 36d7394d-ef0d-4080-bb78-a095b4d17ecd; 68057860-53ad-49c9-9650-ba449baa0b97; 7bf8b665-ef34-45df-869e-40516184c0e9; 7c9327da-8c2a-4abf-bad8-2f1e9947bef4; 7f8ae077-814b-4cbc-8332-e1f045535155; 8f5df72e-d39e-4f8d-9859-c1aec67fae7d; 98ea6573-35f6-41ee-a09f-967931831fc0; aaac5d2a-6bd7-4601-81c9-034b246a1b4f; aed49ed5-824c-4a91-863e-0ce6b13f7cf0; b5295b45-c57a-4442-bb53-43d42b3dd7ea; b6ca4acb-9a61-4a21-9f48-a76af2c49f53; b9df3acb-1f00-4954-9399-8e56c62a5eae; cea267da-8467-4a72-a6a3-cdf6a899fe81; e6ab5bd5-cec6-4bdb-a475-bfb67c621508
PHIL,41,2.99,1638,0f118b76-7262-4bb6-a206-0d4d774e05b6; 23a3726d-3d8a-4895-99a2-98212059b266; 2bca8654-c149-4a7c-81af-0c620d9e67f9; 2c4dc1e6-effa-436f-940a-0ab50532fc32; 2def1bec-8a0f-49bf-94f3-e96ac080447c; 2ee47326-1f5b-40f1-895e-a061b7f5a57a; 38c86d30-69a9-4ed4-83aa-204d6f48af1f; 3afefd72-65f1-4c55-b633-a7cce136074f; 415ace0c-a4f2-4c98-929f-09ab58ec7b8a; 435cf0cd-2be9-4397-8af1-9bbb001310da; 4efd7c2f-28bf-4d86-ab28-ab448acf56b7; 56047fad-9a7f-4a86-b56d-3a7a40080b7c; 5b346a76-ae7a-4863-870e-124b98d3ec75; 607e061a-8b61-4697-a373-a778800a82a0; 660ef50b-c32b-422d-af7b-29287e9c64b5; 69f01610-4da9-440b-a7af-2cbd995d904d; 76998b40-6d7f-4f73-851c-77ae7a3f1bdc; 7767e174-64d9-4083-a704-0f6dc0115f29; 7a641ab2-93a3-4f4c-a3d9-da9747a50c15; 7b5ba0ad-52ae-4465-aa61-a05bc01c5dc4; 7c2c4d24-4950-414f-8a09-359ec4e406d7; 86f6b0d7-5854-4e5c-9594-27850f5e548c; 90bd63f9-9caa-4b98-91bc-e9dacb8f87f9; 910353ad-a0c8-4620-b54c-0e8339fdbf7d; 9d22fc83-c503-48fa-bed4-d30a6d4a5ffc; a4253e79-1287-4a0d-aaa1-b3a7fe36e00a; a62e6c9d-a92c-444a-969b-2d129aac96c0; ac3c624a-ef00-4f6c-94c7-397438375445; b784fb1f-b86e-4213-8e5b-8cc15fa803aa; c0838fe4-1744-449f-adc7-9cad527007c3; cf14b30f-57e9-41d6-830c-b9a1846f5da9; d55eeff3-e320-480f-89ab-fddcd6fac414; dc48ce4e-8cc1-4785-bb42-6c66c3d649fc; dd484786-e5da-4efb-825e-17ec44c92186; e1cd6c19-e228-46dc-86b1-16b4ba747eba; e3450a50-53db-454d-822f-f340bddc4173; e7386ab8-088d-440e-944b-9a3524b5a043; ecd98ce2-fe34-4415-a278-ea8a885960f9; f30c3604-5eb7-49d0-8e7a-3d48fff7ac0b; f56a596e-f3da-4e32-b308-b6c1946842ff; f88507a6-47a0-4a3b-b31c-49aedd8ebbfd
BMED,13,3.29,174,1039e65f-6c4a-4283-92dd-853d3d9ae861; 1ca3e866-2140-4db6-a87b-19b7945f5f3d; 213f413f-d5f8-4e46-b773-f1c6b121e4e7; 31076513-620c-4f98-a714-9759b286d4c3; 53d4ff93-f689-49a4-935e-08bb559541cc; 5bbc7200-9a5f-449b-99eb-578674732ade; 61ea2b13-1d86-4119-9808-4682cc1a11a7; 81efdcff-94cd-4af4-b42c-fc0d92335b2e; d876bc27-4e8b-4ee8-9c01-2b5057688b55; dc34830d-8cd4-421f-bd6d-18730691e3e9; ec34372e-e8f1-401f-ba0c-adb2cb1b0983; fbf97e2f-10bc-4205-97c7-8f90ebe322f6; ffbae220-5850-4960-8d17-db2ada3c788f
CRP,25,2.89,225,11265575-2178-43ac-afe9-d1a1e5e222dc; 11eddcb6-d9a9-4cc9-8a7d-f69d40b64cfb; 18376dcd-a436-4dee-b836-62fd9fb312da; 199d3d56-da74-4c36-b73a-2356a15f8928; 1a71c4de-f9ad-40c0-a2aa-78433e23580d; 1c7b86b7-501c-4902-ac45-165e938d2f75; 22c892b8-5d81-4b7d-b190-ead6dbd978ef; 2e90246e-ef43-474b-9ea7-31d9b7182b71; 30dbcf40-143a-465e-a5c2-4a4b22c68618; 32143f19-71e5-4473-ba1c-713fed49f38c; 42193aec-91ea-462d-8ca0-f5fd25a0d81c; 71201e52-81a8-440e-8544-205aaef7a9ac; 7719cb14-8a0a-4ec4-be59-1c8b70e59f15; 7b24f8e3-3a73-4363-ad4f-94169718b12d; 820208e9-2c8e-4a7a-adb9-f719633c99db; 86c38458-c6cf-4258-a0f1-17c635221ab5; 9020d72b-79a0-45b4-9c42-855a79cf9a8e; 98e0848c-3836-4bed-9bce-fcac01cf80dd; a013ed5e-34d4-46bb-acb5-c07d708d7344; b3ebc752-9e02-4b0b-8f05-bf0d78f85ff4; c5106f65-7787-45c7-97cb-80269aa35b17; d8c2796b-357e-45de-9cf9-3cc40ada90a1; da412772-a3ca-4eea-81a7-684cd5e703f3; e4d9f6cf-5521-4037-ac8c-45c8a710862b; f9fece86-49a3-4617-8ce7-42d804028e7b
CD,1,4.0,9,113c0a67-414b-46fc-92ef-07387a5e73ab
ES,34,2.85,773,123d1952-f0dc-4da3-93b1-cf952103d857; 2344db9d-a770-4f00-baac-4a0241ccfe9a; 31a7bcad-9d07-4f6d-94db-4cb15faa22e5; 494cfbf0-8f2d-43e8-9abd-2fa6431d9769; 572844c9-a62a-43e1-a8b3-775bf82284f9; 5b700494-6e9b-44b9-9020-b345b36310fc; 6a3cced4-e25c-4573-b805-ffbf91de6ec8; 7101cdee-001e-4906-b948-a940a1a180aa; 75538633-a5be-4885-bace-a0376aaccc52; 77aec8bf-57f6-4296-b616-b1f589e6ebc0; 7bab7919-6a02-4d7b-ab88-6a9e1c91251d; 7cb965d5-fe0a-4b69-bc8f-b60680ccb7d8; 8ec9edb5-667a-457d-98c3-6eca6f021964; a4698335-a066-4bc8-94ce-621bdc9e7b65; a5115058-e231-45dd-ac8a-e24a523fd42d; ab5e1a4c-c99b-4427-8c2c-a1df2192ea48; ac106829-16c3-4610-b9f1-5cbbf1d5bffb; b2ddbf90-7477-4433-8df0-b4fc56053140; be8ae34b-4b2a-45a6-b674-0b896ee0070d; bf5baf9e-350f-489c-8d90-a3931ea3a4ae; c0bb660c-556a-4936-8b04-05e13d29de54; c6fff02e-de89-48d5-8922-d8a512594cb5; caa79cfc-5290-4a87-863d-0e2da235974f; d67bcde0-efec-43bd-9cb0-432e9eb11bb6; d6a776ca-500b-4a88-8aac-c2fa71efa4b2; e9159681-ed7f-4d31-8fbe-10fea43af8a1; e96a96cb-3de2-41ad-8909-e46e3b6ba16b; e9757729-d0fd-4677-857e-521e0c1c614a; ea7b6d2c-7de8-4dc9-87b5-89205ad43334; f002b1e7-0722-489f-b46c-17a2f5cc8a3e; f9678ddb-b323-4dd2-80e9-b2832215ed70; fa1b91e8-d795-48bf-9654-3d62a1762efd; faa1bbc4-269b-4ea5-bf98-17df2a34040c; fe08b13e-a14e-46dc-9336-2167b5a656e8
ENVE,2,2.75,3,14e2ee34-800f-4e62-b1c2-016a9ae5656c; ca5bced5-ea2e-4729-85dd-e2e810daaf1d
GER,3,2.94,62,15b1a27a-490b-4606-a1c3-92313c39c873; a533a8f5-1c55-4aed-a935-555db15c7f51; ce80dd58-5909-441d-8e8b-7823a3a8e18d
JOUR,16,3.1,194,1851bb62-32d6-455f-bfb6-29488ccd7753; 1ba22972-a27a-4723-bbf8-fa419cac8728; 253abb1e-75a9-45e2-a33b-4f2caef8ea95; 2c73dd80-b75f-4706-a262-6abce1cf421c; 2fcd13c7-b41e-4668-b0b2-2875159da73f; 39bb17d2-5b0a-44cc-9807-1504cf2d2237; 4a107478-956f-4dcc-b8b3-d1ada1bb9d30; 66487daf-e026-4c0b-b2e4-2d0abe1a22f7; 714368a9-3250-4942-890c-8ebd181973b2; 96de68d0-0c2f-44b2-95cf-ea718eab5af1; ab7941bd-a662-4a16-9f54-0f20cecded1e; c54149d4-0e87-4b0b-aecc-80de474ac8e3; d4b6d47f-df4e-4c12-a50e-3d121c945aea; d8d1651f-c7fd-4b3a-ae01-a13b7932e645; dece2417-b5a2-406b-8088-43f1547763ee; efdce367-d28d-423d-99cb-2e86252dcae6
NR,32,2.8,354,18f1f30b-5e12-4f4e-8966-482f86727d52; 1dc9c04b-d8c1-499d-8213-afb49e89f56e; 1e3d5b1d-845b-48c6-9d2e-7c64574d7420; 2395b5d8-16b5-42e8-8753-f0553903dd50; 2f1f8ab9-bfa4-44e9-8405-53d20f7e310f; 3385d6b4-c065-4d7b-bc6c-46ece07d03fa; 3b9314fc-5be5-46a4-8f70-029d225ab53c; 4d23cf14-3560-47a1-8e3c-b3bded851542; 4e4b12e9-cada-4739-8bda-cd336ddde61c; 4f5b21f6-2fa2-4823-a142-40f6dc535226; 5ea0771f-2f18-4cc0-a95b-e7fb1ffeec50; 5f222ad7-6348-4f20-9920-76d084dbdf5b; 61731ced-fc44-4fba-9cf8-00b4c10b5ac0; 6abe43d2-1ae4-4d72-833a-97080d10fbd1; 79127cb7-c5f3-4ddf-b832-5814639c8e8b; 7bc42e42-644e-4eeb-a114-44789b2e4725; 8127f6b5-a4b1-4f09-b1c6-bdfa3c30fec2; 840598c6-0f62-4829-819c-b037b8584639; 8dccb47a-c982-4bef-b3e9-6711a337c6b0; 8ead21a3-b28a-41db-a148-4d12f8c7f5cd; 96cfe39e-beb5-41be-9b83-9abfa376ae19; ab2b44eb-8abe-4f19-9a69-a16088db8288; bebc18a8-233a-48ce-9664-a34c17737198; c50af680-90bc-44f9-ac64-1495a6d71edf; cf8a7def-9502-45e7-8ee7-40f85c4da2a8; d3f87b8d-f2cc-4c2f-9ea5-d4718cdac3cc; d507b36c-cf24-4fa6-b06e-2df28d586086; d5dbf3be-429f-4a18-8530-dbd6dc05598d; d6ccda0b-274c-44e7-8636-7dec23d7a7d0; dd7e7ab3-10d9-4207-9d58-85d683884d2a; e5c9c7cf-9b70-4b1e-81c3-101034098c06; f3bd3dea-c005-4fcb-bf19-386cf9b3551b
CPE,16,3.11,374,1a048bb0-ab1e-4a0a-a7e8-1b1316bf16ff; 35492fe1-2167-44a7-9717-1226bbac1710; 3dbd8802-dfd5-4b1b-bd90-69577a1475ce; 3e33eecb-c14f-43b5-a111-17a0f06d2e4a; 4730925a-34d3-47b9-b66c-4efbb6f070c6; 4fab7fdd-0daa-4b84-a0b6-a35e31b33338; 5e21f72f-88c4-4dd0-bd1f-0657f7960859; 5e5ebaa4-cf59-4838-b306-f3b917d87e32; 61a541d6-10dc-4055-b450-b1b1d8bfa205; 6b3f7582-b9e8-4547-8487-95735d5f1ee5; 9c51eb33-1e9a-41b6-8cd9-3feda3ad41bf; a0131398-5085-47f3-a0ac-f6dada23329e; a79fb094-c8fc-481f-bbf0-6e58e0b33165; b6b6b20c-5b78-4f12-bf52-de9436063785; c4396804-dbb3-4259-9cd9-572ab9430989; f756822e-758d-4b77-8c2a-9d11d10ebcad
DSCI,12,3.09,125,1ab722ed-1117-4f6b-862f-e937368ed771; 2d1969b9-bcbf-4c1d-a2ca-f9fc13caa843; 3baf569f-fb62-4a2a-bc59-3222d95ccadb; 45baa272-390d-4f77-a142-fa2273ea869c; 958df932-8df9-4b56-954a-6a7d0d756b26; ab58d232-8819-40f4-bfb8-32a6194d7e2f; b1b41a78-8513-4dc8-9853-b3d2719e8406; b71585e7-1850-4ca8-a2c3-d9ec29205e98; b74bb8f8-15a8-4ee6-8c3d-926fe9e45e33; bec98738-4464-4b5d-8263-9d9f7a64ae2e; c81530f0-d1a0-459d-ba9f-1f42c19a551c; c9fd33ca-4eca-4083-bc36-09abb77a21e1
MSL,5,2.92,13,1c6ea584-1eb9-4e09-a121-9c503ec07ac3; 57c5c99f-c8aa-4d54-a9a0-cea364a06760; aa2c7732-c33e-4581-ab0c-c62e8bd51f73; ef5633b7-4280-466b-aa69-4653aaa3001f; f801dd60-8a6e-4d3f-8e0f-d52f61088ebc
ISLA,6,3.0,21,1d7e80a0-b1b2-4501-8f27-088a9c1f971b; 1f3a1b46-fda2-4b26-a459-765781d7a701; 2eed0992-a5ac-4478-bcc3-7df2a4ac06ef; 37e96a91-b90b-41f2-9462-146171078359; 67dde3f9-fb12-48e2-bb0f-50692ad979d9; c8583c59-6943-49f2-8f7f-ac2cb494287d
AERO,26,2.52,345,1f5fcf9c-26dd-4df7-851c-676208cf59f3; 2b310266-ad97-4020-98eb-95c643631ef4; 319b2330-1591-44b7-892f-141c562384ec; 3a932848-31fc-4156-a7bd-22a5782712a8; 3af612d5-0b0b-4902-9d90-c8dae6a5c9da; 3afa69e0-2e1a-49a4-9982-9d4ed595f5cf; 41c3a5ba-b96b-40a6-ad55-69a9d7e39a27; 43021371-5b50-4da7-8270-b0d39381f48b; 664b614e-22f8-49de-a1b8-4d454687f685; 7b002b6b-f608-4fab-860e-02ad2c8cde17; 7b9051cc-b9ae-4b42-ab08-5a840ce7df11; 82ea81aa-9eea-49a2-aa91-e6c50712b592; 84a73066-ae1e-467d-bfa2-e14709281197; 9098a0cf-9ee2-40cd-9567-2135fbc51a89; a2869265-0df4-4961-8b9b-5470bcaec1d5; aedb7486-099d-4c4b-a876-c65d05a88a6e; b80b1a21-c8b8-400f-8070-d58689d8a8a1; bdf13043-9b9c-4dcb-aa2f-e8b23283bb4f; c01b23dc-2f3a-4c50-ad9c-cae5b4385688; d88d09a8-378d-4c75-b679-c75b333962d8; d8cfc8ee-69d6-4d86-85cb-5d9ed693f995; e30fb00b-66e1-46d7-99a2-266f59b4c8dd; f4d2e246-5487-4c15-96f7-20f18a0c7617; fbd51e14-1d8b-4290-84f7-ee537a6cc940; fcace41b-10ed-46de-a4e1-2f5c91401a93; ffa1ee89-8770-427e-a995-df27d943c7a2
AGED,14,2.61,91,22c2456d-8540-4574-ac27-499d65a4caef; 23c9f779-32e8-47d0-9912-f42adde8b391; 4ff24d53-a37e-4ecf-821b-a34c1bce63d2; 521ec3a1-d3b0-4f9e-afd9-92eb1a842371; 612ed601-071b-43ba-b492-9edef8acbe37; 7282c7f1-66f0-47a6-9781-3b92d3308410; 823f6e43-1c51-474f-bcf7-a4a2f571d5da; 8ce7b479-5a95-4026-8ad8-48032021b20e; a2572db6-d9ba-4cf5-a6d4-bac4faa5c4ec; d1a088bd-9699-4e0b-9ac3-be6b1997b595; d6afd9aa-d56b-48ea-a36e-6e4d6128421a; e61914d9-00ff-4462-95f3-95e85adbddd2; ef404708-84cb-4899-b57b-5c97dc1cc4fd; f12fd897-3a9b-40e5-8cad-54b605c12417
SS,17,2.93,278,2bbeb337-1a46-45ee-9571-ceba5314bef5; 348df0de-70b1-4831-969f-76c7e1b28778; 49cf2976-6864-4ea5-a93e-8d175955e16e; 4e03ec78-0505-49c9-8872-030bc8f45359; 4f12cb8d-b92e-4959-b8f0-46e685d3588b; 54c52211-aa7e-4dfd-b4a1-56edb2e8b0a6; 5b69a047-55d5-4143-8ddb-df20388298ab; 61a6f8f5-b894-4207-a5db-f422c6f8156a; 69fe8277-b095-4a45-9d7b-837a11bb6f06; 81757f11-88b5-4649-9696-1348c83b6ea1; 861bce0b-f67c-45a8-bd7b-c345b9c14ea8; 913d797a-8acb-4552-a373-e997db729985; 9fa1872f-a6e9-4ec2-b35a-ed9930898b6b; a97b65a5-6db1-470b-b050-257efe36d4cd; d23a8abb-c187-4673-93d4-bed5e571c758; fc1168fc-8240-479f-aee2-eb404a60d5d5; fd39db49-0246-4d3e-a5b7-d1631229307d
LS,10,2.24,170,2ca012c8-b3f8-4856-847b-906141fc2b0c; 4def0287-ca36-4f6d-8b50-ef6252b5e025; 4f1b1369-7866-42a7-91db-ba2fb0d71ed8; 734c32ce-d41c-4858-9db1-d14556d53f19; 7c6a11be-e42b-41ff-8f76-063242a8b0f0; b8a65d32-dbf7-4a96-9910-093e79fe2063; ceaa73ef-63da-469c-8926-ab6674008041; cf80f1d9-8104-489a-81db-88db0b866175; e1b5d544-dceb-41e6-a387-dca4d6c5c68d; fe255566-8b75-49c3-92b9-15cd14258d72
GEOG,1,2.5,2,42c8876c-bad4-4e44-a8a9-e6c108a2a764
FR,5,3.17,85,447dee03-36b4-4a2c-bf03-29202350495f; 5bac952d-6482-4298-936e-9af1a058afe2; 85382a9a-5988-4dd7-aa16-bf5269ce64ca; a234b782-4194-43ad-8dde-3ba41d12097f; ed6f4f14-9e8b-46fd-87ef-a26d1cb696ef
GSA,2,2.51,50,4b942243-0a71-4e9b-8e61-00c33c322a60; 5a06a8e3-f8b7-4c93-bf0f-a880042f64f0
PSC,1,4.0,2,58ea5dbc-d90e-4bec-8c1a-65e4096fc066
AGC,2,3.33,11,5c407cab-8ce4-4bd6-b3d0-1ebd501be814; 6f5233ca-066e-4e6a-a58f-4c81a72759ce
EDES,1,4.0,1,65ce4bb0-ea3a-49a1-a254-b407e1017a37
ENGR,2,3.1,104,6ede2f97-46b7-4c49-8f50-40bb7c6adf79; 84c43732-cea0-4082-845a-10b8c2d8bbb3
SPED,1,4.0,1,85bd494b-e1a5-4157-a731-024155008c37
WLC,1,4.0,1,95378104-b115-4a91-a157-399676e04342
JPNS,1,4.0,7,95f3438a-70d4-4be3-8b9d-db07383ea2e2
BOT,1,3.0,1,c6ada32e-e90d-4567-abbc-b126f3357325
DATA,1,3.08,13,cb97730b-31e3-4921-8f9b-9f9b842e44d7
DANC,2,4.0,3,d42b6b52-3cfa-453f-9bee-56dd17d87d11; f5ecc004-1920-4196-845f-da62ed1389ca
WVIT,1,3.0,2,d4e754bf-3d8c-4691-ad71-e63718d44e9d
ANT,1,4.0,5,e16c2ca9-0ce9-4de9-9ffe-28313fc908dc
UNIV,1,4.0,1,e412ae31-ff53-42a5-9e81-f23cbce3e588
CHIN,1,3.02,12,f11f90c0-f9e5-43b3-8ad3-c72d602a939c
